2026-02-28 11:44:31 INFO  by.bsu.fitness.main.FitnessMain - Application started
2026-02-28 11:44:31 DEBUG by.bsu.fitness.validator.TrainingValidator - TrainingValidator created
2026-02-28 11:44:31 DEBUG by.bsu.fitness.validator.SubscriptionValidator - SubscriptionValidator created
2026-02-28 11:44:31 DEBUG by.bsu.fitness.validator.DataValidator - DataValidator created
2026-02-28 11:44:31 DEBUG by.bsu.fitness.factory.SubscriptionFactory - SubscriptionFactory created
2026-02-28 11:44:31 DEBUG by.bsu.fitness.service.NotificationService - NotificationService created
2026-02-28 11:44:31 DEBUG by.bsu.fitness.service.SubscriptionService - SubscriptionService created
2026-02-28 11:44:31 DEBUG by.bsu.fitness.service.TrainingService - TrainingService created
2026-02-28 11:44:31 DEBUG by.bsu.fitness.util.TrainingFileReader - TrainingFileReader created
2026-02-28 11:44:31 DEBUG by.bsu.fitness.entity.Client - Client created: Client{id=1, name='Ксения', phone='+44-111-222-333'}
2026-02-28 11:44:31 DEBUG by.bsu.fitness.entity.Client - Client created: Client{id=2, name='Антон', phone='+44-444-555-666'}
2026-02-28 11:44:31 DEBUG by.bsu.fitness.repository.ClientRepository - Client added: 1 (Ксения)
2026-02-28 11:44:31 DEBUG by.bsu.fitness.repository.ClientRepository - Client added: 2 (Антон)
2026-02-28 11:44:31 DEBUG by.bsu.fitness.observer.ClientObserver - ClientObserver created for client 1 (Ксения)
2026-02-28 11:44:31 DEBUG by.bsu.fitness.observer.TrainingScheduleObservable - Observer added: ClientObserver
2026-02-28 11:44:31 DEBUG by.bsu.fitness.service.NotificationService - Client 1 (Ксения) subscribed to notifications
2026-02-28 11:44:31 DEBUG by.bsu.fitness.observer.ClientObserver - ClientObserver created for client 2 (Антон)
2026-02-28 11:44:31 DEBUG by.bsu.fitness.observer.TrainingScheduleObservable - Observer added: ClientObserver
2026-02-28 11:44:31 DEBUG by.bsu.fitness.service.NotificationService - Client 2 (Антон) subscribed to notifications
2026-02-28 11:44:31 DEBUG by.bsu.fitness.util.IdGenerator - Generated new id: 1
2026-02-28 11:44:31 DEBUG by.bsu.fitness.entity.Subscription - Subscription created: Subscription{id=1, clientId=1, type=MONTHLY, startDate=2026-02-28, endDate=2026-03-28, state=ACTIVE}
2026-02-28 11:44:31 DEBUG by.bsu.fitness.factory.SubscriptionFactory - Subscription created: Subscription{id=1, clientId=1, type=MONTHLY, startDate=2026-02-28, endDate=2026-03-28, state=ACTIVE}
2026-02-28 11:44:31 DEBUG by.bsu.fitness.validator.SubscriptionValidator - Subscription 1 validated successfully
2026-02-28 11:44:31 DEBUG by.bsu.fitness.repository.SubscriptionRepository - Subscription added: Subscription{id=1, clientId=1, type=MONTHLY, startDate=2026-02-28, endDate=2026-03-28, state=ACTIVE}
2026-02-28 11:44:31 DEBUG by.bsu.fitness.service.SubscriptionService - Subscription 1 created and saved
2026-02-28 11:44:31 DEBUG by.bsu.fitness.factory.TrainingBuilder - TrainingBuilder created
2026-02-28 11:44:31 DEBUG by.bsu.fitness.util.IdGenerator - Generated new id: 2
2026-02-28 11:44:31 DEBUG by.bsu.fitness.entity.Training - Training created: Training{id=2, clientId=1, coachName='Иванов', type=GROUP, dateTime=2026-03-01T11:44:31.177068500, durationMinutes=60, state=PLANNED}
2026-02-28 11:44:31 DEBUG by.bsu.fitness.factory.TrainingBuilder - Training built: Training{id=2, clientId=1, coachName='Иванов', type=GROUP, dateTime=2026-03-01T11:44:31.177068500, durationMinutes=60, state=PLANNED}
2026-02-28 11:44:31 DEBUG by.bsu.fitness.validator.TrainingValidator - Training 2 validated successfully
2026-02-28 11:44:31 DEBUG by.bsu.fitness.repository.SubscriptionRepository - Subscription lookup by clientId 1 -> Subscription{id=1, clientId=1, type=MONTHLY, startDate=2026-02-28, endDate=2026-03-28, state=ACTIVE}
2026-02-28 11:44:31 DEBUG by.bsu.fitness.repository.TrainingRepository - Training added: Training{id=2, clientId=1, coachName='Иванов', type=GROUP, dateTime=2026-03-01T11:44:31.177068500, durationMinutes=60, state=PLANNED}
2026-02-28 11:44:31 DEBUG by.bsu.fitness.template.RegistrationTemplate - RegistrationTemplate created for training 2
2026-02-28 11:44:31 DEBUG by.bsu.fitness.template.GroupTrainingRegistration - GroupTrainingRegistration created for training 2
2026-02-28 11:44:31 DEBUG by.bsu.fitness.template.RegistrationTemplate - Starting registration process for training 2
2026-02-28 11:44:31 DEBUG by.bsu.fitness.template.GroupTrainingRegistration - Validating group training 2
2026-02-28 11:44:31 DEBUG by.bsu.fitness.template.GroupTrainingRegistration - Reserving slot for group training 2
2026-02-28 11:44:31 DEBUG by.bsu.fitness.template.RegistrationTemplate - Applying strategy for training 2
2026-02-28 11:44:31 DEBUG by.bsu.fitness.strategy.GroupTrainingStrategy - Executing group training strategy for training 2
2026-02-28 11:44:31 INFO  by.bsu.fitness.strategy.GroupTrainingStrategy - Group training with coach Иванов for client 1
2026-02-28 11:44:31 DEBUG by.bsu.fitness.template.RegistrationTemplate - Notifying observers about training 2
2026-02-28 11:44:31 DEBUG by.bsu.fitness.observer.TrainingScheduleObservable - Notifying 2 observers about training 2
2026-02-28 11:44:31 INFO  by.bsu.fitness.observer.ClientObserver - Client 1 (Ксения) notified about new training: Training{id=2, clientId=1, coachName='Иванов', type=GROUP, dateTime=2026-03-01T11:44:31.177068500, durationMinutes=60, state=PLANNED}
2026-02-28 11:44:31 INFO  by.bsu.fitness.observer.ClientObserver - Client 2 (Антон) notified about new training: Training{id=2, clientId=1, coachName='Иванов', type=GROUP, dateTime=2026-03-01T11:44:31.177068500, durationMinutes=60, state=PLANNED}
2026-02-28 11:44:31 DEBUG by.bsu.fitness.template.RegistrationTemplate - Registration process finished for training 2
2026-02-28 11:44:31 DEBUG by.bsu.fitness.util.TrainingFileReader - Read 11 lines from file resources/data/trainings.txt
2026-02-28 11:44:31 DEBUG by.bsu.fitness.util.TrainingFileReader - Header line skipped: clientId,coachName,type,dateTime,duration,state
2026-02-28 11:44:31 DEBUG by.bsu.fitness.validator.DataValidator - Line validated: 1,Иванов,GROUP,2026-03-01T10:00,60,PLANNED
2026-02-28 11:44:31 DEBUG by.bsu.fitness.factory.TrainingBuilder - TrainingBuilder created
2026-02-28 11:44:31 DEBUG by.bsu.fitness.util.IdGenerator - Generated new id: 3
2026-02-28 11:44:31 DEBUG by.bsu.fitness.entity.Training - Training created: Training{id=3, clientId=1, coachName='Иванов', type=GROUP, dateTime=2026-03-01T10:00, durationMinutes=60, state=PLANNED}
2026-02-28 11:44:31 DEBUG by.bsu.fitness.factory.TrainingBuilder - Training built: Training{id=3, clientId=1, coachName='Иванов', type=GROUP, dateTime=2026-03-01T10:00, durationMinutes=60, state=PLANNED}
2026-02-28 11:44:31 DEBUG by.bsu.fitness.util.TrainingFileReader - Training parsed: Training{id=3, clientId=1, coachName='Иванов', type=GROUP, dateTime=2026-03-01T10:00, durationMinutes=60, state=PLANNED}
2026-02-28 11:44:31 DEBUG by.bsu.fitness.util.TrainingFileReader - Training parsed and added: 3
2026-02-28 11:44:31 DEBUG by.bsu.fitness.validator.DataValidator - Line validated: 2,Петров,PERSONAL,2026-03-02T12:00,45,PLANNED
2026-02-28 11:44:31 DEBUG by.bsu.fitness.factory.TrainingBuilder - TrainingBuilder created
2026-02-28 11:44:31 DEBUG by.bsu.fitness.util.IdGenerator - Generated new id: 4
2026-02-28 11:44:31 DEBUG by.bsu.fitness.entity.Training - Training created: Training{id=4, clientId=2, coachName='Петров', type=PERSONAL, dateTime=2026-03-02T12:00, durationMinutes=45, state=PLANNED}
2026-02-28 11:44:31 DEBUG by.bsu.fitness.factory.TrainingBuilder - Training built: Training{id=4, clientId=2, coachName='Петров', type=PERSONAL, dateTime=2026-03-02T12:00, durationMinutes=45, state=PLANNED}
2026-02-28 11:44:31 DEBUG by.bsu.fitness.util.TrainingFileReader - Training parsed: Training{id=4, clientId=2, coachName='Петров', type=PERSONAL, dateTime=2026-03-02T12:00, durationMinutes=45, state=PLANNED}
2026-02-28 11:44:31 DEBUG by.bsu.fitness.util.TrainingFileReader - Training parsed and added: 4
2026-02-28 11:44:31 DEBUG by.bsu.fitness.validator.DataValidator - Line validated: 12,Сидоров,PERSONAL,2025-03-10T14:00,60,PLANNED
2026-02-28 11:44:31 DEBUG by.bsu.fitness.factory.TrainingBuilder - TrainingBuilder created
2026-02-28 11:44:31 DEBUG by.bsu.fitness.util.IdGenerator - Generated new id: 5
2026-02-28 11:44:31 DEBUG by.bsu.fitness.entity.Training - Training created: Training{id=5, clientId=12, coachName='Сидоров', type=PERSONAL, dateTime=2025-03-10T14:00, durationMinutes=60, state=PLANNED}
2026-02-28 11:44:31 DEBUG by.bsu.fitness.factory.TrainingBuilder - Training built: Training{id=5, clientId=12, coachName='Сидоров', type=PERSONAL, dateTime=2025-03-10T14:00, durationMinutes=60, state=PLANNED}
2026-02-28 11:44:31 DEBUG by.bsu.fitness.util.TrainingFileReader - Training parsed: Training{id=5, clientId=12, coachName='Сидоров', type=PERSONAL, dateTime=2025-03-10T14:00, durationMinutes=60, state=PLANNED}
2026-02-28 11:44:31 DEBUG by.bsu.fitness.util.TrainingFileReader - Training parsed and added: 5
2026-02-28 11:44:31 DEBUG by.bsu.fitness.validator.DataValidator - Line validated: 1,Иванов,GROUP,2026-03-05T18:00,90,PLANNED
2026-02-28 11:44:31 DEBUG by.bsu.fitness.factory.TrainingBuilder - TrainingBuilder created
2026-02-28 11:44:31 DEBUG by.bsu.fitness.util.IdGenerator - Generated new id: 6
2026-02-28 11:44:31 DEBUG by.bsu.fitness.entity.Training - Training created: Training{id=6, clientId=1, coachName='Иванов', type=GROUP, dateTime=2026-03-05T18:00, durationMinutes=90, state=PLANNED}
2026-02-28 11:44:31 DEBUG by.bsu.fitness.factory.TrainingBuilder - Training built: Training{id=6, clientId=1, coachName='Иванов', type=GROUP, dateTime=2026-03-05T18:00, durationMinutes=90, state=PLANNED}
2026-02-28 11:44:31 DEBUG by.bsu.fitness.util.TrainingFileReader - Training parsed: Training{id=6, clientId=1, coachName='Иванов', type=GROUP, dateTime=2026-03-05T18:00, durationMinutes=90, state=PLANNED}
2026-02-28 11:44:31 DEBUG by.bsu.fitness.util.TrainingFileReader - Training parsed and added: 6
2026-02-28 11:44:31 DEBUG by.bsu.fitness.validator.DataValidator - Line validated: 2,Петров,GROUP,2026-03-06T09:00,60,PLANNED
2026-02-28 11:44:31 DEBUG by.bsu.fitness.factory.TrainingBuilder - TrainingBuilder created
2026-02-28 11:44:31 DEBUG by.bsu.fitness.util.IdGenerator - Generated new id: 7
2026-02-28 11:44:31 DEBUG by.bsu.fitness.entity.Training - Training created: Training{id=7, clientId=2, coachName='Петров', type=GROUP, dateTime=2026-03-06T09:00, durationMinutes=60, state=PLANNED}
2026-02-28 11:44:31 DEBUG by.bsu.fitness.factory.TrainingBuilder - Training built: Training{id=7, clientId=2, coachName='Петров', type=GROUP, dateTime=2026-03-06T09:00, durationMinutes=60, state=PLANNED}
2026-02-28 11:44:31 DEBUG by.bsu.fitness.util.TrainingFileReader - Training parsed: Training{id=7, clientId=2, coachName='Петров', type=GROUP, dateTime=2026-03-06T09:00, durationMinutes=60, state=PLANNED}
2026-02-28 11:44:31 DEBUG by.bsu.fitness.util.TrainingFileReader - Training parsed and added: 7
2026-02-28 11:44:31 DEBUG by.bsu.fitness.validator.DataValidator - Line validated: 999,Иванов,PERSONAL,2026-03-07T11:00,60,PLANNED
2026-02-28 11:44:31 DEBUG by.bsu.fitness.factory.TrainingBuilder - TrainingBuilder created
2026-02-28 11:44:31 DEBUG by.bsu.fitness.util.IdGenerator - Generated new id: 8
2026-02-28 11:44:31 DEBUG by.bsu.fitness.entity.Training - Training created: Training{id=8, clientId=999, coachName='Иванов', type=PERSONAL, dateTime=2026-03-07T11:00, durationMinutes=60, state=PLANNED}
2026-02-28 11:44:31 DEBUG by.bsu.fitness.factory.TrainingBuilder - Training built: Training{id=8, clientId=999, coachName='Иванов', type=PERSONAL, dateTime=2026-03-07T11:00, durationMinutes=60, state=PLANNED}
2026-02-28 11:44:31 DEBUG by.bsu.fitness.util.TrainingFileReader - Training parsed: Training{id=8, clientId=999, coachName='Иванов', type=PERSONAL, dateTime=2026-03-07T11:00, durationMinutes=60, state=PLANNED}
2026-02-28 11:44:31 DEBUG by.bsu.fitness.util.TrainingFileReader - Training parsed and added: 8
2026-02-28 11:44:31 DEBUG by.bsu.fitness.validator.DataValidator - Line validated: 1,Иванов,WRONGTYPE,2026-03-08T10:00,60,PLANNED
2026-02-28 11:44:31 ERROR by.bsu.fitness.util.TrainingFileReader - Failed to parse line: 1,Иванов,WRONGTYPE,2026-03-08T10:00,60,PLANNED
2026-02-28 11:44:31 ERROR by.bsu.fitness.exception.FitnessException - FitnessException created: Invalid training format: 1,Иванов,WRONGTYPE,2026-03-08T10:00,60,PLANNED, cause: java.lang.IllegalArgumentException: No enum constant by.bsu.fitness.entity.TrainingType.WRONGTYPE
2026-02-28 11:44:31 ERROR by.bsu.fitness.exception.ValidationException - ValidationException: Invalid training format: 1,Иванов,WRONGTYPE,2026-03-08T10:00,60,PLANNED, cause: java.lang.IllegalArgumentException: No enum constant by.bsu.fitness.entity.TrainingType.WRONGTYPE
2026-02-28 11:44:31 ERROR by.bsu.fitness.util.TrainingFileReader - Invalid line skipped: FAILED: 1,Иванов,WRONGTYPE,2026-03-08T10:00,60,PLANNED -> Invalid training format: 1,Иванов,WRONGTYPE,2026-03-08T10:00,60,PLANNED
2026-02-28 11:44:31 DEBUG by.bsu.fitness.validator.DataValidator - Line validated: 2,,PERSONAL,2026-03-09T10:00,60,PLANNED
2026-02-28 11:44:31 DEBUG by.bsu.fitness.factory.TrainingBuilder - TrainingBuilder created
2026-02-28 11:44:31 DEBUG by.bsu.fitness.util.IdGenerator - Generated new id: 9
2026-02-28 11:44:31 DEBUG by.bsu.fitness.entity.Training - Training created: Training{id=9, clientId=2, coachName='', type=PERSONAL, dateTime=2026-03-09T10:00, durationMinutes=60, state=PLANNED}
2026-02-28 11:44:31 DEBUG by.bsu.fitness.factory.TrainingBuilder - Training built: Training{id=9, clientId=2, coachName='', type=PERSONAL, dateTime=2026-03-09T10:00, durationMinutes=60, state=PLANNED}
2026-02-28 11:44:31 DEBUG by.bsu.fitness.util.TrainingFileReader - Training parsed: Training{id=9, clientId=2, coachName='', type=PERSONAL, dateTime=2026-03-09T10:00, durationMinutes=60, state=PLANNED}
2026-02-28 11:44:31 DEBUG by.bsu.fitness.util.TrainingFileReader - Training parsed and added: 9
2026-02-28 11:44:31 DEBUG by.bsu.fitness.validator.DataValidator - Line validated: 1,Иванов,GROUP,WRONGDATE,60,PLANNED
2026-02-28 11:44:31 ERROR by.bsu.fitness.util.TrainingFileReader - Failed to parse line: 1,Иванов,GROUP,WRONGDATE,60,PLANNED
2026-02-28 11:44:31 ERROR by.bsu.fitness.exception.FitnessException - FitnessException created: Invalid training format: 1,Иванов,GROUP,WRONGDATE,60,PLANNED, cause: java.time.format.DateTimeParseException: Text 'WRONGDATE' could not be parsed at index 0
2026-02-28 11:44:31 ERROR by.bsu.fitness.exception.ValidationException - ValidationException: Invalid training format: 1,Иванов,GROUP,WRONGDATE,60,PLANNED, cause: java.time.format.DateTimeParseException: Text 'WRONGDATE' could not be parsed at index 0
2026-02-28 11:44:31 ERROR by.bsu.fitness.util.TrainingFileReader - Invalid line skipped: FAILED: 1,Иванов,GROUP,WRONGDATE,60,PLANNED -> Invalid training format: 1,Иванов,GROUP,WRONGDATE,60,PLANNED
2026-02-28 11:44:31 DEBUG by.bsu.fitness.validator.DataValidator - Line validated: 1,Иванов,GROUP,2026-03-10T10:00,-30,PLANNED
2026-02-28 11:44:31 DEBUG by.bsu.fitness.factory.TrainingBuilder - TrainingBuilder created
2026-02-28 11:44:31 DEBUG by.bsu.fitness.util.IdGenerator - Generated new id: 10
2026-02-28 11:44:31 DEBUG by.bsu.fitness.entity.Training - Training created: Training{id=10, clientId=1, coachName='Иванов', type=GROUP, dateTime=2026-03-10T10:00, durationMinutes=-30, state=PLANNED}
2026-02-28 11:44:31 DEBUG by.bsu.fitness.factory.TrainingBuilder - Training built: Training{id=10, clientId=1, coachName='Иванов', type=GROUP, dateTime=2026-03-10T10:00, durationMinutes=-30, state=PLANNED}
2026-02-28 11:44:31 DEBUG by.bsu.fitness.util.TrainingFileReader - Training parsed: Training{id=10, clientId=1, coachName='Иванов', type=GROUP, dateTime=2026-03-10T10:00, durationMinutes=-30, state=PLANNED}
2026-02-28 11:44:31 DEBUG by.bsu.fitness.util.TrainingFileReader - Training parsed and added: 10
2026-02-28 11:44:31 DEBUG by.bsu.fitness.validator.TrainingValidator - Training 3 validated successfully
2026-02-28 11:44:31 DEBUG by.bsu.fitness.repository.SubscriptionRepository - Subscription lookup by clientId 1 -> Subscription{id=1, clientId=1, type=MONTHLY, startDate=2026-02-28, endDate=2026-03-28, state=ACTIVE}
2026-02-28 11:44:31 DEBUG by.bsu.fitness.repository.TrainingRepository - Training added: Training{id=3, clientId=1, coachName='Иванов', type=GROUP, dateTime=2026-03-01T10:00, durationMinutes=60, state=PLANNED}
2026-02-28 11:44:31 DEBUG by.bsu.fitness.template.RegistrationTemplate - RegistrationTemplate created for training 3
2026-02-28 11:44:31 DEBUG by.bsu.fitness.template.GroupTrainingRegistration - GroupTrainingRegistration created for training 3
2026-02-28 11:44:31 DEBUG by.bsu.fitness.template.RegistrationTemplate - Starting registration process for training 3
2026-02-28 11:44:31 DEBUG by.bsu.fitness.template.GroupTrainingRegistration - Validating group training 3
2026-02-28 11:44:31 DEBUG by.bsu.fitness.template.GroupTrainingRegistration - Reserving slot for group training 3
2026-02-28 11:44:31 DEBUG by.bsu.fitness.template.RegistrationTemplate - Applying strategy for training 3
2026-02-28 11:44:31 DEBUG by.bsu.fitness.strategy.GroupTrainingStrategy - Executing group training strategy for training 3
2026-02-28 11:44:31 INFO  by.bsu.fitness.strategy.GroupTrainingStrategy - Group training with coach Иванов for client 1
2026-02-28 11:44:31 DEBUG by.bsu.fitness.template.RegistrationTemplate - Notifying observers about training 3
2026-02-28 11:44:31 DEBUG by.bsu.fitness.observer.TrainingScheduleObservable - Notifying 2 observers about training 3
2026-02-28 11:44:31 INFO  by.bsu.fitness.observer.ClientObserver - Client 1 (Ксения) notified about new training: Training{id=3, clientId=1, coachName='Иванов', type=GROUP, dateTime=2026-03-01T10:00, durationMinutes=60, state=PLANNED}
2026-02-28 11:44:31 INFO  by.bsu.fitness.observer.ClientObserver - Client 2 (Антон) notified about new training: Training{id=3, clientId=1, coachName='Иванов', type=GROUP, dateTime=2026-03-01T10:00, durationMinutes=60, state=PLANNED}
2026-02-28 11:44:31 DEBUG by.bsu.fitness.template.RegistrationTemplate - Registration process finished for training 3
2026-02-28 11:44:31 DEBUG by.bsu.fitness.validator.TrainingValidator - Training 4 validated successfully
2026-02-28 11:44:31 DEBUG by.bsu.fitness.repository.SubscriptionRepository - Subscription lookup by clientId 2 -> null
2026-02-28 11:44:31 ERROR by.bsu.fitness.exception.FitnessException - FitnessException created: No subscription for client
2026-02-28 11:44:31 ERROR by.bsu.fitness.exception.ServiceException - ServiceException: No subscription for client
2026-02-28 11:44:31 ERROR by.bsu.fitness.exception.FitnessException - FitnessException created: Training registration failed, cause: by.bsu.fitness.exception.ServiceException: No subscription for client
2026-02-28 11:44:31 ERROR by.bsu.fitness.exception.ServiceException - ServiceException: Training registration failed, cause: by.bsu.fitness.exception.ServiceException: No subscription for client
2026-02-28 11:44:31 DEBUG by.bsu.fitness.validator.TrainingValidator - Training 5 validated successfully
2026-02-28 11:44:31 DEBUG by.bsu.fitness.repository.SubscriptionRepository - Subscription lookup by clientId 12 -> null
2026-02-28 11:44:31 ERROR by.bsu.fitness.exception.FitnessException - FitnessException created: No subscription for client
2026-02-28 11:44:31 ERROR by.bsu.fitness.exception.ServiceException - ServiceException: No subscription for client
2026-02-28 11:44:31 ERROR by.bsu.fitness.exception.FitnessException - FitnessException created: Training registration failed, cause: by.bsu.fitness.exception.ServiceException: No subscription for client
2026-02-28 11:44:31 ERROR by.bsu.fitness.exception.ServiceException - ServiceException: Training registration failed, cause: by.bsu.fitness.exception.ServiceException: No subscription for client
2026-02-28 11:44:31 DEBUG by.bsu.fitness.validator.TrainingValidator - Training 6 validated successfully
2026-02-28 11:44:31 DEBUG by.bsu.fitness.repository.SubscriptionRepository - Subscription lookup by clientId 1 -> Subscription{id=1, clientId=1, type=MONTHLY, startDate=2026-02-28, endDate=2026-03-28, state=ACTIVE}
2026-02-28 11:44:31 DEBUG by.bsu.fitness.repository.TrainingRepository - Training added: Training{id=6, clientId=1, coachName='Иванов', type=GROUP, dateTime=2026-03-05T18:00, durationMinutes=90, state=PLANNED}
2026-02-28 11:44:31 DEBUG by.bsu.fitness.template.RegistrationTemplate - RegistrationTemplate created for training 6
2026-02-28 11:44:31 DEBUG by.bsu.fitness.template.GroupTrainingRegistration - GroupTrainingRegistration created for training 6
2026-02-28 11:44:31 DEBUG by.bsu.fitness.template.RegistrationTemplate - Starting registration process for training 6
2026-02-28 11:44:31 DEBUG by.bsu.fitness.template.GroupTrainingRegistration - Validating group training 6
2026-02-28 11:44:31 DEBUG by.bsu.fitness.template.GroupTrainingRegistration - Reserving slot for group training 6
2026-02-28 11:44:31 DEBUG by.bsu.fitness.template.RegistrationTemplate - Applying strategy for training 6
2026-02-28 11:44:31 DEBUG by.bsu.fitness.strategy.GroupTrainingStrategy - Executing group training strategy for training 6
2026-02-28 11:44:31 INFO  by.bsu.fitness.strategy.GroupTrainingStrategy - Group training with coach Иванов for client 1
2026-02-28 11:44:31 DEBUG by.bsu.fitness.template.RegistrationTemplate - Notifying observers about training 6
2026-02-28 11:44:31 DEBUG by.bsu.fitness.observer.TrainingScheduleObservable - Notifying 2 observers about training 6
2026-02-28 11:44:31 INFO  by.bsu.fitness.observer.ClientObserver - Client 1 (Ксения) notified about new training: Training{id=6, clientId=1, coachName='Иванов', type=GROUP, dateTime=2026-03-05T18:00, durationMinutes=90, state=PLANNED}
2026-02-28 11:44:31 INFO  by.bsu.fitness.observer.ClientObserver - Client 2 (Антон) notified about new training: Training{id=6, clientId=1, coachName='Иванов', type=GROUP, dateTime=2026-03-05T18:00, durationMinutes=90, state=PLANNED}
2026-02-28 11:44:31 DEBUG by.bsu.fitness.template.RegistrationTemplate - Registration process finished for training 6
2026-02-28 11:44:31 DEBUG by.bsu.fitness.validator.TrainingValidator - Training 7 validated successfully
2026-02-28 11:44:31 DEBUG by.bsu.fitness.repository.SubscriptionRepository - Subscription lookup by clientId 2 -> null
2026-02-28 11:44:31 ERROR by.bsu.fitness.exception.FitnessException - FitnessException created: No subscription for client
2026-02-28 11:44:31 ERROR by.bsu.fitness.exception.ServiceException - ServiceException: No subscription for client
2026-02-28 11:44:31 ERROR by.bsu.fitness.exception.FitnessException - FitnessException created: Training registration failed, cause: by.bsu.fitness.exception.ServiceException: No subscription for client
2026-02-28 11:44:31 ERROR by.bsu.fitness.exception.ServiceException - ServiceException: Training registration failed, cause: by.bsu.fitness.exception.ServiceException: No subscription for client
2026-02-28 11:44:31 DEBUG by.bsu.fitness.validator.TrainingValidator - Training 8 validated successfully
2026-02-28 11:44:31 DEBUG by.bsu.fitness.repository.SubscriptionRepository - Subscription lookup by clientId 999 -> null
2026-02-28 11:44:31 ERROR by.bsu.fitness.exception.FitnessException - FitnessException created: No subscription for client
2026-02-28 11:44:31 ERROR by.bsu.fitness.exception.ServiceException - ServiceException: No subscription for client
2026-02-28 11:44:31 ERROR by.bsu.fitness.exception.FitnessException - FitnessException created: Training registration failed, cause: by.bsu.fitness.exception.ServiceException: No subscription for client
2026-02-28 11:44:31 ERROR by.bsu.fitness.exception.ServiceException - ServiceException: Training registration failed, cause: by.bsu.fitness.exception.ServiceException: No subscription for client
2026-02-28 11:44:31 ERROR by.bsu.fitness.validator.TrainingValidator - Coach name is empty
2026-02-28 11:44:31 ERROR by.bsu.fitness.exception.FitnessException - FitnessException created: Coach name cannot be empty
2026-02-28 11:44:31 ERROR by.bsu.fitness.exception.ValidationException - ValidationException: Coach name cannot be empty
2026-02-28 11:44:31 ERROR by.bsu.fitness.exception.FitnessException - FitnessException created: Training registration failed, cause: by.bsu.fitness.exception.ValidationException: Coach name cannot be empty
2026-02-28 11:44:31 ERROR by.bsu.fitness.exception.ServiceException - ServiceException: Training registration failed, cause: by.bsu.fitness.exception.ValidationException: Coach name cannot be empty
2026-02-28 11:44:31 ERROR by.bsu.fitness.validator.TrainingValidator - Invalid duration: -30
2026-02-28 11:44:31 ERROR by.bsu.fitness.exception.FitnessException - FitnessException created: Duration must be positive
2026-02-28 11:44:31 ERROR by.bsu.fitness.exception.ValidationException - ValidationException: Duration must be positive
2026-02-28 11:44:31 ERROR by.bsu.fitness.exception.FitnessException - FitnessException created: Training registration failed, cause: by.bsu.fitness.exception.ValidationException: Duration must be positive
2026-02-28 11:44:31 ERROR by.bsu.fitness.exception.ServiceException - ServiceException: Training registration failed, cause: by.bsu.fitness.exception.ValidationException: Duration must be positive
2026-02-28 11:44:31 INFO  by.bsu.fitness.main.FitnessMain - Result written to D:\Study\University\2st year\4_sem\java\fitness-club\output\result.txt
2026-02-28 11:44:31 INFO  by.bsu.fitness.main.FitnessMain - Application finished successfully
2026-05-27 22:42:55 INFO  by.bsu.fitness.main.FitnessMain - Application started
2026-05-27 22:42:56 DEBUG by.bsu.fitness.service.impl.NotificationServiceImpl - NotificationServiceImpl created
2026-05-27 22:42:56 DEBUG by.bsu.fitness.service.impl.SubscriptionServiceImpl - SubscriptionServiceImpl created
2026-05-27 22:42:56 DEBUG by.bsu.fitness.service.impl.TrainingServiceImpl - TrainingServiceImpl created
2026-05-27 22:42:56 DEBUG by.bsu.fitness.util.TrainingFileReader - TrainingFileReader created
2026-05-27 22:42:56 DEBUG by.bsu.fitness.entity.Client - Client created: Client{id=1, name='Ксения', phone='+44-111-222-333'}
2026-05-27 22:42:56 DEBUG by.bsu.fitness.entity.Client - Client created: Client{id=2, name='Антон', phone='+44-444-555-666'}
2026-05-27 22:42:56 DEBUG by.bsu.fitness.repository.ClientRepository - Client added: 1 (Ксения)
2026-05-27 22:42:56 DEBUG by.bsu.fitness.repository.ClientRepository - Client added: 2 (Антон)
2026-05-27 22:42:56 DEBUG by.bsu.fitness.observer.ClientObserver - ClientObserver created for client 1 (Ксения)
2026-05-27 22:42:56 DEBUG by.bsu.fitness.observer.TrainingScheduleObservable - Observer added: ClientObserver
2026-05-27 22:42:56 DEBUG by.bsu.fitness.service.impl.NotificationServiceImpl - Client 1 (Ксения) subscribed to notifications
2026-05-27 22:42:56 DEBUG by.bsu.fitness.observer.ClientObserver - ClientObserver created for client 2 (Антон)
2026-05-27 22:42:56 DEBUG by.bsu.fitness.observer.TrainingScheduleObservable - Observer added: ClientObserver
2026-05-27 22:42:56 DEBUG by.bsu.fitness.service.impl.NotificationServiceImpl - Client 2 (Антон) subscribed to notifications
2026-05-27 22:42:56 DEBUG by.bsu.fitness.util.IdGenerator - Generated new id: 1
2026-05-27 22:42:56 DEBUG by.bsu.fitness.entity.Subscription - Subscription created: Subscription{id=1, clientId=1, type=MONTHLY, startDate=2026-05-27, endDate=2026-06-27, state=ACTIVE}
2026-05-27 22:42:56 DEBUG by.bsu.fitness.factory.SubscriptionFactory - Subscription created: Subscription{id=1, clientId=1, type=MONTHLY, startDate=2026-05-27, endDate=2026-06-27, state=ACTIVE}
2026-05-27 22:42:56 DEBUG by.bsu.fitness.validator.SubscriptionValidator - Subscription 1 validated successfully
2026-05-27 22:42:56 DEBUG by.bsu.fitness.repository.SubscriptionRepository - Subscription added: Subscription{id=1, clientId=1, type=MONTHLY, startDate=2026-05-27, endDate=2026-06-27, state=ACTIVE}
2026-05-27 22:42:56 DEBUG by.bsu.fitness.service.impl.SubscriptionServiceImpl - Subscription 1 created and saved
2026-05-27 22:42:56 DEBUG by.bsu.fitness.util.IdGenerator - Generated new id: 2
2026-05-27 22:42:56 DEBUG by.bsu.fitness.entity.Subscription - Subscription created: Subscription{id=2, clientId=2, type=YEARLY, startDate=2026-05-27, endDate=2027-05-27, state=ACTIVE}
2026-05-27 22:42:56 DEBUG by.bsu.fitness.factory.SubscriptionFactory - Subscription created: Subscription{id=2, clientId=2, type=YEARLY, startDate=2026-05-27, endDate=2027-05-27, state=ACTIVE}
2026-05-27 22:42:56 DEBUG by.bsu.fitness.repository.SubscriptionRepository - Subscription added: Subscription{id=2, clientId=2, type=YEARLY, startDate=2026-05-27, endDate=2027-05-27, state=ACTIVE}
2026-05-27 22:42:56 INFO  by.bsu.fitness.main.FitnessMain - Lazy subscription created: Subscription{id=2, clientId=2, type=YEARLY, startDate=2026-05-27, endDate=2027-05-27, state=ACTIVE}
2026-05-27 22:42:56 DEBUG by.bsu.fitness.util.IdGenerator - Generated new id: 3
2026-05-27 22:42:56 DEBUG by.bsu.fitness.entity.Training - Training created: Training{id=3, clientId=1, coachName='Иванов', type=GROUP, dateTime=2026-05-28T22:42:56.026929500, durationMinutes=60, state=PLANNED}
2026-05-27 22:42:56 DEBUG by.bsu.fitness.factory.TrainingBuilder - Training built via Elegant Builder: Training{id=3, clientId=1, coachName='Иванов', type=GROUP, dateTime=2026-05-28T22:42:56.026929500, durationMinutes=60, state=PLANNED}
2026-05-27 22:42:56 DEBUG by.bsu.fitness.util.IdGenerator - Generated new id: 4
2026-05-27 22:42:56 DEBUG by.bsu.fitness.entity.Training - Training created: Training{id=4, clientId=1, coachName='Петров', type=PERSONAL, dateTime=null, durationMinutes=45, state=PLANNED}
2026-05-27 22:42:56 DEBUG by.bsu.fitness.factory.TrainingBuilder - Training built via Elegant Builder: Training{id=4, clientId=1, coachName='Петров', type=PERSONAL, dateTime=null, durationMinutes=45, state=PLANNED}
2026-05-27 22:42:56 INFO  by.bsu.fitness.main.FitnessMain - Training from Supplier: Training{id=4, clientId=1, coachName='Петров', type=PERSONAL, dateTime=null, durationMinutes=45, state=PLANNED}
2026-05-27 22:42:56 DEBUG by.bsu.fitness.validator.TrainingValidator - Training 3 validated successfully
2026-05-27 22:42:56 DEBUG by.bsu.fitness.repository.SubscriptionRepository - Subscription lookup by clientId 1 -> Subscription{id=1, clientId=1, type=MONTHLY, startDate=2026-05-27, endDate=2026-06-27, state=ACTIVE}
2026-05-27 22:42:56 DEBUG by.bsu.fitness.repository.TrainingRepository - Training added: Training{id=3, clientId=1, coachName='Иванов', type=GROUP, dateTime=2026-05-28T22:42:56.026929500, durationMinutes=60, state=PLANNED}
2026-05-27 22:42:56 DEBUG by.bsu.fitness.template.RegistrationTemplate - RegistrationTemplate created for training 3
2026-05-27 22:42:56 DEBUG by.bsu.fitness.template.GroupTrainingRegistration - GroupTrainingRegistration created for training 3
2026-05-27 22:42:56 DEBUG by.bsu.fitness.template.RegistrationTemplate - Starting registration process for training 3
2026-05-27 22:42:56 DEBUG by.bsu.fitness.template.GroupTrainingRegistration - Validating group training 3
2026-05-27 22:42:56 DEBUG by.bsu.fitness.template.GroupTrainingRegistration - Reserving slot for group training 3
2026-05-27 22:42:56 DEBUG by.bsu.fitness.template.RegistrationTemplate - Applying strategy for training 3
2026-05-27 22:42:56 DEBUG by.bsu.fitness.strategy.impl.GroupTrainingStrategy - Executing group training strategy for training 3
2026-05-27 22:42:56 INFO  by.bsu.fitness.strategy.impl.GroupTrainingStrategy - Group training with coach Иванов for client 1
2026-05-27 22:42:56 DEBUG by.bsu.fitness.template.RegistrationTemplate - Notifying observers about training 3
2026-05-27 22:42:56 DEBUG by.bsu.fitness.observer.TrainingScheduleObservable - Notifying 2 observers about training 3
2026-05-27 22:42:56 INFO  by.bsu.fitness.observer.ClientObserver - Client 1 (Ксения) notified about new training: Training{id=3, clientId=1, coachName='Иванов', type=GROUP, dateTime=2026-05-28T22:42:56.026929500, durationMinutes=60, state=PLANNED}
2026-05-27 22:42:56 INFO  by.bsu.fitness.observer.ClientObserver - Client 2 (Антон) notified about new training: Training{id=3, clientId=1, coachName='Иванов', type=GROUP, dateTime=2026-05-28T22:42:56.026929500, durationMinutes=60, state=PLANNED}
2026-05-27 22:42:56 DEBUG by.bsu.fitness.template.RegistrationTemplate - Registration process finished for training 3
2026-05-27 22:42:56 DEBUG by.bsu.fitness.util.TrainingFileReader - Read 11 lines from file resources/data/trainings.txt
2026-05-27 22:42:56 DEBUG by.bsu.fitness.util.TrainingFileReader - Header line skipped: clientId,coachName,type,dateTime,duration,state
2026-05-27 22:42:56 DEBUG by.bsu.fitness.validator.DataValidator - Line validated: 1,Иванов,GROUP,2026-03-01T10:00,60,PLANNED
2026-05-27 22:42:56 DEBUG by.bsu.fitness.util.IdGenerator - Generated new id: 5
2026-05-27 22:42:56 DEBUG by.bsu.fitness.entity.Training - Training created: Training{id=5, clientId=1, coachName='Иванов', type=GROUP, dateTime=2026-03-01T10:00, durationMinutes=60, state=PLANNED}
2026-05-27 22:42:56 DEBUG by.bsu.fitness.factory.TrainingBuilder - Training built: Training{id=5, clientId=1, coachName='Иванов', type=GROUP, dateTime=2026-03-01T10:00, durationMinutes=60, state=PLANNED}
2026-05-27 22:42:56 DEBUG by.bsu.fitness.util.TrainingFileReader - Training parsed and added: 5
2026-05-27 22:42:56 DEBUG by.bsu.fitness.validator.DataValidator - Line validated: 2,Петров,PERSONAL,2026-03-02T12:00,45,PLANNED
2026-05-27 22:42:56 DEBUG by.bsu.fitness.util.IdGenerator - Generated new id: 6
2026-05-27 22:42:56 DEBUG by.bsu.fitness.entity.Training - Training created: Training{id=6, clientId=2, coachName='Петров', type=PERSONAL, dateTime=2026-03-02T12:00, durationMinutes=45, state=PLANNED}
2026-05-27 22:42:56 DEBUG by.bsu.fitness.factory.TrainingBuilder - Training built: Training{id=6, clientId=2, coachName='Петров', type=PERSONAL, dateTime=2026-03-02T12:00, durationMinutes=45, state=PLANNED}
2026-05-27 22:42:56 DEBUG by.bsu.fitness.util.TrainingFileReader - Training parsed and added: 6
2026-05-27 22:42:56 DEBUG by.bsu.fitness.validator.DataValidator - Line validated: 12,Сидоров,PERSONAL,2025-03-10T14:00,60,PLANNED
2026-05-27 22:42:56 DEBUG by.bsu.fitness.util.IdGenerator - Generated new id: 7
2026-05-27 22:42:56 DEBUG by.bsu.fitness.entity.Training - Training created: Training{id=7, clientId=12, coachName='Сидоров', type=PERSONAL, dateTime=2025-03-10T14:00, durationMinutes=60, state=PLANNED}
2026-05-27 22:42:56 DEBUG by.bsu.fitness.factory.TrainingBuilder - Training built: Training{id=7, clientId=12, coachName='Сидоров', type=PERSONAL, dateTime=2025-03-10T14:00, durationMinutes=60, state=PLANNED}
2026-05-27 22:42:56 DEBUG by.bsu.fitness.util.TrainingFileReader - Training parsed and added: 7
2026-05-27 22:42:56 DEBUG by.bsu.fitness.validator.DataValidator - Line validated: 1,Иванов,GROUP,2026-03-05T18:00,90,PLANNED
2026-05-27 22:42:56 DEBUG by.bsu.fitness.util.IdGenerator - Generated new id: 8
2026-05-27 22:42:56 DEBUG by.bsu.fitness.entity.Training - Training created: Training{id=8, clientId=1, coachName='Иванов', type=GROUP, dateTime=2026-03-05T18:00, durationMinutes=90, state=PLANNED}
2026-05-27 22:42:56 DEBUG by.bsu.fitness.factory.TrainingBuilder - Training built: Training{id=8, clientId=1, coachName='Иванов', type=GROUP, dateTime=2026-03-05T18:00, durationMinutes=90, state=PLANNED}
2026-05-27 22:42:56 DEBUG by.bsu.fitness.util.TrainingFileReader - Training parsed and added: 8
2026-05-27 22:42:56 DEBUG by.bsu.fitness.validator.DataValidator - Line validated: 2,Петров,GROUP,2026-03-06T09:00,60,PLANNED
2026-05-27 22:42:56 DEBUG by.bsu.fitness.util.IdGenerator - Generated new id: 9
2026-05-27 22:42:56 DEBUG by.bsu.fitness.entity.Training - Training created: Training{id=9, clientId=2, coachName='Петров', type=GROUP, dateTime=2026-03-06T09:00, durationMinutes=60, state=PLANNED}
2026-05-27 22:42:56 DEBUG by.bsu.fitness.factory.TrainingBuilder - Training built: Training{id=9, clientId=2, coachName='Петров', type=GROUP, dateTime=2026-03-06T09:00, durationMinutes=60, state=PLANNED}
2026-05-27 22:42:56 DEBUG by.bsu.fitness.util.TrainingFileReader - Training parsed and added: 9
2026-05-27 22:42:56 DEBUG by.bsu.fitness.validator.DataValidator - Line validated: 999,Иванов,PERSONAL,2026-03-07T11:00,60,PLANNED
2026-05-27 22:42:56 DEBUG by.bsu.fitness.util.IdGenerator - Generated new id: 10
2026-05-27 22:42:56 DEBUG by.bsu.fitness.entity.Training - Training created: Training{id=10, clientId=999, coachName='Иванов', type=PERSONAL, dateTime=2026-03-07T11:00, durationMinutes=60, state=PLANNED}
2026-05-27 22:42:56 DEBUG by.bsu.fitness.factory.TrainingBuilder - Training built: Training{id=10, clientId=999, coachName='Иванов', type=PERSONAL, dateTime=2026-03-07T11:00, durationMinutes=60, state=PLANNED}
2026-05-27 22:42:56 DEBUG by.bsu.fitness.util.TrainingFileReader - Training parsed and added: 10
2026-05-27 22:42:56 DEBUG by.bsu.fitness.validator.DataValidator - Line validated: 1,Иванов,WRONGTYPE,2026-03-08T10:00,60,PLANNED
2026-05-27 22:42:56 ERROR by.bsu.fitness.util.TrainingFileReader - Failed to parse line: 1,Иванов,WRONGTYPE,2026-03-08T10:00,60,PLANNED
2026-05-27 22:42:56 ERROR by.bsu.fitness.exception.FitnessException - FitnessException created: Invalid training format: 1,Иванов,WRONGTYPE,2026-03-08T10:00,60,PLANNED, cause: java.lang.IllegalArgumentException: No enum constant by.bsu.fitness.entity.TrainingType.WRONGTYPE
2026-05-27 22:42:56 ERROR by.bsu.fitness.exception.ValidationException - ValidationException: Invalid training format: 1,Иванов,WRONGTYPE,2026-03-08T10:00,60,PLANNED, cause: java.lang.IllegalArgumentException: No enum constant by.bsu.fitness.entity.TrainingType.WRONGTYPE
2026-05-27 22:42:56 ERROR by.bsu.fitness.util.TrainingFileReader - Invalid line skipped: FAILED: 1,Иванов,WRONGTYPE,2026-03-08T10:00,60,PLANNED -> Invalid training format: 1,Иванов,WRONGTYPE,2026-03-08T10:00,60,PLANNED
2026-05-27 22:42:56 DEBUG by.bsu.fitness.validator.DataValidator - Line validated: 2,,PERSONAL,2026-03-09T10:00,60,PLANNED
2026-05-27 22:42:56 DEBUG by.bsu.fitness.util.IdGenerator - Generated new id: 11
2026-05-27 22:42:56 DEBUG by.bsu.fitness.entity.Training - Training created: Training{id=11, clientId=2, coachName='', type=PERSONAL, dateTime=2026-03-09T10:00, durationMinutes=60, state=PLANNED}
2026-05-27 22:42:56 DEBUG by.bsu.fitness.factory.TrainingBuilder - Training built: Training{id=11, clientId=2, coachName='', type=PERSONAL, dateTime=2026-03-09T10:00, durationMinutes=60, state=PLANNED}
2026-05-27 22:42:56 DEBUG by.bsu.fitness.util.TrainingFileReader - Training parsed and added: 11
2026-05-27 22:42:56 DEBUG by.bsu.fitness.validator.DataValidator - Line validated: 1,Иванов,GROUP,WRONGDATE,60,PLANNED
2026-05-27 22:42:56 ERROR by.bsu.fitness.util.TrainingFileReader - Failed to parse line: 1,Иванов,GROUP,WRONGDATE,60,PLANNED
2026-05-27 22:42:56 ERROR by.bsu.fitness.exception.FitnessException - FitnessException created: Invalid training format: 1,Иванов,GROUP,WRONGDATE,60,PLANNED, cause: java.time.format.DateTimeParseException: Text 'WRONGDATE' could not be parsed at index 0
2026-05-27 22:42:56 ERROR by.bsu.fitness.exception.ValidationException - ValidationException: Invalid training format: 1,Иванов,GROUP,WRONGDATE,60,PLANNED, cause: java.time.format.DateTimeParseException: Text 'WRONGDATE' could not be parsed at index 0
2026-05-27 22:42:56 ERROR by.bsu.fitness.util.TrainingFileReader - Invalid line skipped: FAILED: 1,Иванов,GROUP,WRONGDATE,60,PLANNED -> Invalid training format: 1,Иванов,GROUP,WRONGDATE,60,PLANNED
2026-05-27 22:42:56 DEBUG by.bsu.fitness.validator.DataValidator - Line validated: 1,Иванов,GROUP,2026-03-10T10:00,-30,PLANNED
2026-05-27 22:42:56 DEBUG by.bsu.fitness.util.IdGenerator - Generated new id: 12
2026-05-27 22:42:56 DEBUG by.bsu.fitness.entity.Training - Training created: Training{id=12, clientId=1, coachName='Иванов', type=GROUP, dateTime=2026-03-10T10:00, durationMinutes=-30, state=PLANNED}
2026-05-27 22:42:56 DEBUG by.bsu.fitness.factory.TrainingBuilder - Training built: Training{id=12, clientId=1, coachName='Иванов', type=GROUP, dateTime=2026-03-10T10:00, durationMinutes=-30, state=PLANNED}
2026-05-27 22:42:56 DEBUG by.bsu.fitness.util.TrainingFileReader - Training parsed and added: 12
2026-05-27 22:42:56 DEBUG by.bsu.fitness.validator.TrainingValidator - Training 5 validated successfully
2026-05-27 22:42:56 DEBUG by.bsu.fitness.repository.SubscriptionRepository - Subscription lookup by clientId 1 -> Subscription{id=1, clientId=1, type=MONTHLY, startDate=2026-05-27, endDate=2026-06-27, state=ACTIVE}
2026-05-27 22:42:56 DEBUG by.bsu.fitness.repository.TrainingRepository - Training added: Training{id=5, clientId=1, coachName='Иванов', type=GROUP, dateTime=2026-03-01T10:00, durationMinutes=60, state=PLANNED}
2026-05-27 22:42:56 DEBUG by.bsu.fitness.template.RegistrationTemplate - RegistrationTemplate created for training 5
2026-05-27 22:42:56 DEBUG by.bsu.fitness.template.GroupTrainingRegistration - GroupTrainingRegistration created for training 5
2026-05-27 22:42:56 DEBUG by.bsu.fitness.template.RegistrationTemplate - Starting registration process for training 5
2026-05-27 22:42:56 DEBUG by.bsu.fitness.template.GroupTrainingRegistration - Validating group training 5
2026-05-27 22:42:56 DEBUG by.bsu.fitness.template.GroupTrainingRegistration - Reserving slot for group training 5
2026-05-27 22:42:56 DEBUG by.bsu.fitness.template.RegistrationTemplate - Applying strategy for training 5
2026-05-27 22:42:56 DEBUG by.bsu.fitness.strategy.impl.GroupTrainingStrategy - Executing group training strategy for training 5
2026-05-27 22:42:56 INFO  by.bsu.fitness.strategy.impl.GroupTrainingStrategy - Group training with coach Иванов for client 1
2026-05-27 22:42:56 DEBUG by.bsu.fitness.template.RegistrationTemplate - Notifying observers about training 5
2026-05-27 22:42:56 DEBUG by.bsu.fitness.observer.TrainingScheduleObservable - Notifying 2 observers about training 5
2026-05-27 22:42:56 INFO  by.bsu.fitness.observer.ClientObserver - Client 1 (Ксения) notified about new training: Training{id=5, clientId=1, coachName='Иванов', type=GROUP, dateTime=2026-03-01T10:00, durationMinutes=60, state=PLANNED}
2026-05-27 22:42:56 INFO  by.bsu.fitness.observer.ClientObserver - Client 2 (Антон) notified about new training: Training{id=5, clientId=1, coachName='Иванов', type=GROUP, dateTime=2026-03-01T10:00, durationMinutes=60, state=PLANNED}
2026-05-27 22:42:56 DEBUG by.bsu.fitness.template.RegistrationTemplate - Registration process finished for training 5
2026-05-27 22:42:56 DEBUG by.bsu.fitness.validator.TrainingValidator - Training 6 validated successfully
2026-05-27 22:42:56 DEBUG by.bsu.fitness.repository.SubscriptionRepository - Subscription lookup by clientId 2 -> Subscription{id=2, clientId=2, type=YEARLY, startDate=2026-05-27, endDate=2027-05-27, state=ACTIVE}
2026-05-27 22:42:56 DEBUG by.bsu.fitness.repository.TrainingRepository - Training added: Training{id=6, clientId=2, coachName='Петров', type=PERSONAL, dateTime=2026-03-02T12:00, durationMinutes=45, state=PLANNED}
2026-05-27 22:42:56 DEBUG by.bsu.fitness.template.RegistrationTemplate - RegistrationTemplate created for training 6
2026-05-27 22:42:56 DEBUG by.bsu.fitness.template.PersonalTrainingRegistration - PersonalTrainingRegistration created for training 6
2026-05-27 22:42:56 DEBUG by.bsu.fitness.template.RegistrationTemplate - Starting registration process for training 6
2026-05-27 22:42:56 DEBUG by.bsu.fitness.template.PersonalTrainingRegistration - Validating personal training 6
2026-05-27 22:42:56 DEBUG by.bsu.fitness.template.PersonalTrainingRegistration - Reserving slot for personal training 6
2026-05-27 22:42:56 DEBUG by.bsu.fitness.template.RegistrationTemplate - Applying strategy for training 6
2026-05-27 22:42:56 DEBUG by.bsu.fitness.strategy.impl.PersonalTrainingStrategy - Executing personal training strategy for training 6
2026-05-27 22:42:56 INFO  by.bsu.fitness.strategy.impl.PersonalTrainingStrategy - Personal training with coach Петров for client 2
2026-05-27 22:42:56 DEBUG by.bsu.fitness.template.RegistrationTemplate - Notifying observers about training 6
2026-05-27 22:42:56 DEBUG by.bsu.fitness.observer.TrainingScheduleObservable - Notifying 2 observers about training 6
2026-05-27 22:42:56 INFO  by.bsu.fitness.observer.ClientObserver - Client 1 (Ксения) notified about new training: Training{id=6, clientId=2, coachName='Петров', type=PERSONAL, dateTime=2026-03-02T12:00, durationMinutes=45, state=PLANNED}
2026-05-27 22:42:56 INFO  by.bsu.fitness.observer.ClientObserver - Client 2 (Антон) notified about new training: Training{id=6, clientId=2, coachName='Петров', type=PERSONAL, dateTime=2026-03-02T12:00, durationMinutes=45, state=PLANNED}
2026-05-27 22:42:56 DEBUG by.bsu.fitness.template.RegistrationTemplate - Registration process finished for training 6
2026-05-27 22:42:56 DEBUG by.bsu.fitness.validator.TrainingValidator - Training 7 validated successfully
2026-05-27 22:42:56 DEBUG by.bsu.fitness.repository.SubscriptionRepository - Subscription lookup by clientId 12 -> null
2026-05-27 22:42:56 ERROR by.bsu.fitness.exception.FitnessException - FitnessException created: No subscription for client 12
2026-05-27 22:42:56 ERROR by.bsu.fitness.exception.ServiceException - ServiceException: No subscription for client 12
2026-05-27 22:42:56 DEBUG by.bsu.fitness.validator.TrainingValidator - Training 8 validated successfully
2026-05-27 22:42:56 DEBUG by.bsu.fitness.repository.SubscriptionRepository - Subscription lookup by clientId 1 -> Subscription{id=1, clientId=1, type=MONTHLY, startDate=2026-05-27, endDate=2026-06-27, state=ACTIVE}
2026-05-27 22:42:56 DEBUG by.bsu.fitness.repository.TrainingRepository - Training added: Training{id=8, clientId=1, coachName='Иванов', type=GROUP, dateTime=2026-03-05T18:00, durationMinutes=90, state=PLANNED}
2026-05-27 22:42:56 DEBUG by.bsu.fitness.template.RegistrationTemplate - RegistrationTemplate created for training 8
2026-05-27 22:42:56 DEBUG by.bsu.fitness.template.GroupTrainingRegistration - GroupTrainingRegistration created for training 8
2026-05-27 22:42:56 DEBUG by.bsu.fitness.template.RegistrationTemplate - Starting registration process for training 8
2026-05-27 22:42:56 DEBUG by.bsu.fitness.template.GroupTrainingRegistration - Validating group training 8
2026-05-27 22:42:56 DEBUG by.bsu.fitness.template.GroupTrainingRegistration - Reserving slot for group training 8
2026-05-27 22:42:56 DEBUG by.bsu.fitness.template.RegistrationTemplate - Applying strategy for training 8
2026-05-27 22:42:56 DEBUG by.bsu.fitness.strategy.impl.GroupTrainingStrategy - Executing group training strategy for training 8
2026-05-27 22:42:56 INFO  by.bsu.fitness.strategy.impl.GroupTrainingStrategy - Group training with coach Иванов for client 1
2026-05-27 22:42:56 DEBUG by.bsu.fitness.template.RegistrationTemplate - Notifying observers about training 8
2026-05-27 22:42:56 DEBUG by.bsu.fitness.observer.TrainingScheduleObservable - Notifying 2 observers about training 8
2026-05-27 22:42:56 INFO  by.bsu.fitness.observer.ClientObserver - Client 1 (Ксения) notified about new training: Training{id=8, clientId=1, coachName='Иванов', type=GROUP, dateTime=2026-03-05T18:00, durationMinutes=90, state=PLANNED}
2026-05-27 22:42:56 INFO  by.bsu.fitness.observer.ClientObserver - Client 2 (Антон) notified about new training: Training{id=8, clientId=1, coachName='Иванов', type=GROUP, dateTime=2026-03-05T18:00, durationMinutes=90, state=PLANNED}
2026-05-27 22:42:56 DEBUG by.bsu.fitness.template.RegistrationTemplate - Registration process finished for training 8
2026-05-27 22:42:56 DEBUG by.bsu.fitness.validator.TrainingValidator - Training 9 validated successfully
2026-05-27 22:42:56 DEBUG by.bsu.fitness.repository.SubscriptionRepository - Subscription lookup by clientId 2 -> Subscription{id=2, clientId=2, type=YEARLY, startDate=2026-05-27, endDate=2027-05-27, state=ACTIVE}
2026-05-27 22:42:56 DEBUG by.bsu.fitness.repository.TrainingRepository - Training added: Training{id=9, clientId=2, coachName='Петров', type=GROUP, dateTime=2026-03-06T09:00, durationMinutes=60, state=PLANNED}
2026-05-27 22:42:56 DEBUG by.bsu.fitness.template.RegistrationTemplate - RegistrationTemplate created for training 9
2026-05-27 22:42:56 DEBUG by.bsu.fitness.template.GroupTrainingRegistration - GroupTrainingRegistration created for training 9
2026-05-27 22:42:56 DEBUG by.bsu.fitness.template.RegistrationTemplate - Starting registration process for training 9
2026-05-27 22:42:56 DEBUG by.bsu.fitness.template.GroupTrainingRegistration - Validating group training 9
2026-05-27 22:42:56 DEBUG by.bsu.fitness.template.GroupTrainingRegistration - Reserving slot for group training 9
2026-05-27 22:42:56 DEBUG by.bsu.fitness.template.RegistrationTemplate - Applying strategy for training 9
2026-05-27 22:42:56 DEBUG by.bsu.fitness.strategy.impl.GroupTrainingStrategy - Executing group training strategy for training 9
2026-05-27 22:42:56 INFO  by.bsu.fitness.strategy.impl.GroupTrainingStrategy - Group training with coach Петров for client 2
2026-05-27 22:42:56 DEBUG by.bsu.fitness.template.RegistrationTemplate - Notifying observers about training 9
2026-05-27 22:42:56 DEBUG by.bsu.fitness.observer.TrainingScheduleObservable - Notifying 2 observers about training 9
2026-05-27 22:42:56 INFO  by.bsu.fitness.observer.ClientObserver - Client 1 (Ксения) notified about new training: Training{id=9, clientId=2, coachName='Петров', type=GROUP, dateTime=2026-03-06T09:00, durationMinutes=60, state=PLANNED}
2026-05-27 22:42:56 INFO  by.bsu.fitness.observer.ClientObserver - Client 2 (Антон) notified about new training: Training{id=9, clientId=2, coachName='Петров', type=GROUP, dateTime=2026-03-06T09:00, durationMinutes=60, state=PLANNED}
2026-05-27 22:42:56 DEBUG by.bsu.fitness.template.RegistrationTemplate - Registration process finished for training 9
2026-05-27 22:42:56 DEBUG by.bsu.fitness.validator.TrainingValidator - Training 10 validated successfully
2026-05-27 22:42:56 DEBUG by.bsu.fitness.repository.SubscriptionRepository - Subscription lookup by clientId 999 -> null
2026-05-27 22:42:56 ERROR by.bsu.fitness.exception.FitnessException - FitnessException created: No subscription for client 999
2026-05-27 22:42:56 ERROR by.bsu.fitness.exception.ServiceException - ServiceException: No subscription for client 999
2026-05-27 22:42:56 ERROR by.bsu.fitness.validator.TrainingValidator - Coach name is empty
2026-05-27 22:42:56 ERROR by.bsu.fitness.exception.FitnessException - FitnessException created: Training validation failed
2026-05-27 22:42:56 ERROR by.bsu.fitness.exception.ServiceException - ServiceException: Training validation failed
2026-05-27 22:42:56 ERROR by.bsu.fitness.validator.TrainingValidator - Invalid duration: -30
2026-05-27 22:42:56 ERROR by.bsu.fitness.exception.FitnessException - FitnessException created: Training validation failed
2026-05-27 22:42:56 ERROR by.bsu.fitness.exception.ServiceException - ServiceException: Training validation failed
2026-05-27 22:42:56 INFO  by.bsu.fitness.main.FitnessMain - Result written to D:\Study\University\2st year\4_sem\java\fitness-club\output\result.txt
2026-05-27 22:42:56 INFO  by.bsu.fitness.main.FitnessMain - Application finished successfully
2026-05-27 23:05:07 DEBUG by.bsu.fitness.entity.Client - Client created: Client{id=1, name='Ксения', phone='+375-11-111-11-11'}
2026-05-27 23:05:07 DEBUG by.bsu.fitness.entity.Client - Client created: Client{id=1, name='Ксения', phone='+375-11-111-11-11'}
2026-05-27 23:05:07 DEBUG by.bsu.fitness.entity.Client - Client created: Client{id=1, name='Ксения', phone='+375-11-111-11-11'}
2026-05-27 23:05:07 DEBUG by.bsu.fitness.entity.Client - Client created: Client{id=1, name='Ксения', phone='+375-11-111-11-11'}
2026-05-27 23:05:07 DEBUG by.bsu.fitness.entity.Client - Client created: Client{id=1, name='Ксения', phone='+375-11-111-11-11'}
2026-05-27 23:05:07 DEBUG by.bsu.fitness.entity.Client - Client created: Client{id=1, name='Ксения', phone='+375-11-111-11-11'}
2026-05-27 23:05:07 DEBUG by.bsu.fitness.entity.Client - Client created: Client{id=1, name='Ксения', phone='+375-11-111-11-11'}
2026-05-27 23:05:07 DEBUG by.bsu.fitness.entity.Client - Client created: Client{id=1, name='Ксения', phone='+375-11-111-11-11'}
2026-05-27 23:05:07 DEBUG by.bsu.fitness.entity.Client - Client created: Client{id=2, name='Ксения', phone='+375-11-111-11-11'}
2026-05-27 23:05:07 DEBUG by.bsu.fitness.entity.Client - Client created: Client{id=1, name='Ксения', phone='+375-11-111-11-11'}
2026-05-27 23:05:07 DEBUG by.bsu.fitness.entity.Client - Changing client name from 'Ксения' to 'Антон'
2026-05-27 23:05:07 DEBUG by.bsu.fitness.entity.Client - Client created: Client{id=1, name='Ксения', phone='+375-11-111-11-11'}
2026-05-27 23:05:07 DEBUG by.bsu.fitness.entity.Client - Changing client phone from '+375-11-111-11-11' to '+375-22-222-22-22'
2026-05-27 23:05:07 DEBUG by.bsu.fitness.entity.Client - Client created: Client{id=1, name='Ксения', phone='+375-11-111-11-11'}
2026-05-27 23:05:07 DEBUG by.bsu.fitness.entity.Client - Client created: Client{id=1, name='Ксения', phone='+375-11-111-11-11'}
2026-05-27 23:05:07 DEBUG by.bsu.fitness.entity.Subscription - Subscription created: Subscription{id=10, clientId=1, type=MONTHLY, startDate=2026-01-01, endDate=2027-01-01, state=ACTIVE}
2026-05-27 23:05:07 DEBUG by.bsu.fitness.entity.Subscription - Subscription created: Subscription{id=10, clientId=1, type=MONTHLY, startDate=2026-01-01, endDate=2027-01-01, state=ACTIVE}
2026-05-27 23:05:07 DEBUG by.bsu.fitness.entity.Subscription - Subscription created: Subscription{id=10, clientId=1, type=MONTHLY, startDate=2026-01-01, endDate=2027-01-01, state=ACTIVE}
2026-05-27 23:05:07 DEBUG by.bsu.fitness.entity.Subscription - Subscription created: Subscription{id=10, clientId=1, type=MONTHLY, startDate=2026-01-01, endDate=2027-01-01, state=ACTIVE}
2026-05-27 23:05:07 DEBUG by.bsu.fitness.entity.Subscription - Subscription created: Subscription{id=10, clientId=1, type=MONTHLY, startDate=2026-01-01, endDate=2027-01-01, state=ACTIVE}
2026-05-27 23:05:07 DEBUG by.bsu.fitness.entity.Subscription - Subscription created: Subscription{id=10, clientId=1, type=MONTHLY, startDate=2026-01-01, endDate=2027-01-01, state=ACTIVE}
2026-05-27 23:05:08 DEBUG by.bsu.fitness.entity.Subscription - Subscription created: Subscription{id=10, clientId=1, type=MONTHLY, startDate=2026-01-01, endDate=2027-01-01, state=ACTIVE}
2026-05-27 23:05:08 DEBUG by.bsu.fitness.entity.Subscription - Subscription created: Subscription{id=10, clientId=1, type=MONTHLY, startDate=2026-01-01, endDate=2027-01-01, state=ACTIVE}
2026-05-27 23:05:08 DEBUG by.bsu.fitness.entity.Subscription - Subscription created: Subscription{id=10, clientId=1, type=MONTHLY, startDate=2026-01-01, endDate=2027-01-01, state=ACTIVE}
2026-05-27 23:05:08 DEBUG by.bsu.fitness.entity.Subscription - Subscription created: Subscription{id=10, clientId=1, type=MONTHLY, startDate=2026-01-01, endDate=2027-01-01, state=ACTIVE}
2026-05-27 23:05:08 DEBUG by.bsu.fitness.entity.Subscription - Subscription created: Subscription{id=10, clientId=1, type=MONTHLY, startDate=2026-01-01, endDate=2027-01-01, state=ACTIVE}
2026-05-27 23:05:08 DEBUG by.bsu.fitness.entity.Subscription - Subscription created: Subscription{id=99, clientId=1, type=MONTHLY, startDate=2026-01-01, endDate=2027-01-01, state=ACTIVE}
2026-05-27 23:05:08 DEBUG by.bsu.fitness.entity.Subscription - Subscription created: Subscription{id=10, clientId=1, type=MONTHLY, startDate=2026-01-01, endDate=2027-01-01, state=ACTIVE}
2026-05-27 23:05:08 DEBUG by.bsu.fitness.entity.Subscription - Changing subscription state from ACTIVE to EXPIRED
2026-05-27 23:05:08 DEBUG by.bsu.fitness.entity.Subscription - Subscription created: Subscription{id=10, clientId=1, type=MONTHLY, startDate=2026-01-01, endDate=2027-01-01, state=ACTIVE}
2026-05-27 23:05:08 DEBUG by.bsu.fitness.entity.Subscription - Changing subscription state from ACTIVE to FROZEN
2026-05-27 23:05:08 DEBUG by.bsu.fitness.entity.Subscription - Subscription created: Subscription{id=10, clientId=1, type=MONTHLY, startDate=2026-01-01, endDate=2027-01-01, state=ACTIVE}
2026-05-27 23:05:08 DEBUG by.bsu.fitness.entity.Training - Training created: Training{id=5, clientId=1, coachName='Иванов', type=GROUP, dateTime=2026-06-01T10:00, durationMinutes=60, state=PLANNED}
2026-05-27 23:05:08 DEBUG by.bsu.fitness.entity.Training - Training created: Training{id=5, clientId=1, coachName='Иванов', type=GROUP, dateTime=2026-06-01T10:00, durationMinutes=60, state=PLANNED}
2026-05-27 23:05:08 DEBUG by.bsu.fitness.entity.Training - Training created: Training{id=5, clientId=1, coachName='Иванов', type=GROUP, dateTime=2026-06-01T10:00, durationMinutes=60, state=PLANNED}
2026-05-27 23:05:08 DEBUG by.bsu.fitness.entity.Training - Training created: Training{id=5, clientId=1, coachName='Иванов', type=GROUP, dateTime=2026-06-01T10:00, durationMinutes=60, state=PLANNED}
2026-05-27 23:05:08 DEBUG by.bsu.fitness.entity.Training - Training created: Training{id=5, clientId=1, coachName='Иванов', type=GROUP, dateTime=2026-06-01T10:00, durationMinutes=60, state=PLANNED}
2026-05-27 23:05:08 DEBUG by.bsu.fitness.entity.Training - Training created: Training{id=5, clientId=1, coachName='Иванов', type=GROUP, dateTime=2026-06-01T10:00, durationMinutes=60, state=PLANNED}
2026-05-27 23:05:08 DEBUG by.bsu.fitness.entity.Training - Training created: Training{id=5, clientId=1, coachName='Иванов', type=GROUP, dateTime=2026-06-01T10:00, durationMinutes=60, state=PLANNED}
2026-05-27 23:05:08 DEBUG by.bsu.fitness.entity.Training - Training created: Training{id=5, clientId=1, coachName='Иванов', type=GROUP, dateTime=2026-06-01T10:00, durationMinutes=60, state=PLANNED}
2026-05-27 23:05:08 DEBUG by.bsu.fitness.entity.Training - Training created: Training{id=5, clientId=1, coachName='Иванов', type=GROUP, dateTime=2026-06-01T10:00, durationMinutes=60, state=PLANNED}
2026-05-27 23:05:08 DEBUG by.bsu.fitness.entity.Training - Training created: Training{id=5, clientId=1, coachName='Иванов', type=GROUP, dateTime=2026-06-01T10:00, durationMinutes=60, state=PLANNED}
2026-05-27 23:05:08 DEBUG by.bsu.fitness.entity.Training - Training created: Training{id=5, clientId=1, coachName='Иванов', type=GROUP, dateTime=2026-06-01T10:00, durationMinutes=60, state=PLANNED}
2026-05-27 23:05:08 DEBUG by.bsu.fitness.entity.Training - Training created: Training{id=5, clientId=1, coachName='Иванов', type=GROUP, dateTime=2026-06-01T10:00, durationMinutes=60, state=PLANNED}
2026-05-27 23:05:08 DEBUG by.bsu.fitness.entity.Training - Training created: Training{id=99, clientId=1, coachName='Иванов', type=GROUP, dateTime=2026-06-01T10:00, durationMinutes=60, state=PLANNED}
2026-05-27 23:05:08 DEBUG by.bsu.fitness.entity.Training - Training created: Training{id=5, clientId=1, coachName='Иванов', type=GROUP, dateTime=2026-06-01T10:00, durationMinutes=60, state=PLANNED}
2026-05-27 23:05:08 DEBUG by.bsu.fitness.entity.Training - Changing training state from PLANNED to ACTIVE
2026-05-27 23:05:08 DEBUG by.bsu.fitness.entity.Training - Training created: Training{id=5, clientId=1, coachName='Иванов', type=GROUP, dateTime=2026-06-01T10:00, durationMinutes=60, state=PLANNED}
2026-05-27 23:05:08 DEBUG by.bsu.fitness.entity.Training - Changing training state from PLANNED to CANCELED
2026-05-27 23:05:08 DEBUG by.bsu.fitness.entity.Training - Training created: Training{id=5, clientId=1, coachName='Иванов', type=GROUP, dateTime=2026-06-01T10:00, durationMinutes=60, state=PLANNED}
2026-05-27 23:05:08 DEBUG by.bsu.fitness.entity.Training - Changing training state from PLANNED to FINISHED
2026-05-27 23:05:08 DEBUG by.bsu.fitness.entity.Training - Training created: Training{id=5, clientId=1, coachName='Иванов', type=GROUP, dateTime=2026-06-01T10:00, durationMinutes=60, state=PLANNED}
2026-05-27 23:05:08 ERROR by.bsu.fitness.exception.FitnessException - FitnessException created: msg, cause: java.lang.RuntimeException: cause
2026-05-27 23:05:08 ERROR by.bsu.fitness.exception.FitnessException - FitnessException created: msg
2026-05-27 23:05:08 ERROR by.bsu.fitness.exception.FitnessException - FitnessException created: test message
2026-05-27 23:05:08 ERROR by.bsu.fitness.exception.FitnessException - FitnessException created: msg
2026-05-27 23:05:08 ERROR by.bsu.fitness.exception.RepositoryException - RepositoryException: msg
2026-05-27 23:05:08 ERROR by.bsu.fitness.exception.FitnessException - FitnessException created: repo error
2026-05-27 23:05:08 ERROR by.bsu.fitness.exception.RepositoryException - RepositoryException: repo error
2026-05-27 23:05:08 ERROR by.bsu.fitness.exception.FitnessException - FitnessException created: msg, cause: java.lang.RuntimeException: root
2026-05-27 23:05:08 ERROR by.bsu.fitness.exception.RepositoryException - RepositoryException: msg, cause: java.lang.RuntimeException: root
2026-05-27 23:05:08 ERROR by.bsu.fitness.exception.FitnessException - FitnessException created: msg
2026-05-27 23:05:08 ERROR by.bsu.fitness.exception.ServiceException - ServiceException: msg
2026-05-27 23:05:08 ERROR by.bsu.fitness.exception.FitnessException - FitnessException created: service error
2026-05-27 23:05:08 ERROR by.bsu.fitness.exception.ServiceException - ServiceException: service error
2026-05-27 23:05:08 ERROR by.bsu.fitness.exception.FitnessException - FitnessException created: msg, cause: java.lang.RuntimeException: root
2026-05-27 23:05:08 ERROR by.bsu.fitness.exception.ServiceException - ServiceException: msg, cause: java.lang.RuntimeException: root
2026-05-27 23:05:08 ERROR by.bsu.fitness.exception.FitnessException - FitnessException created: msg
2026-05-27 23:05:08 ERROR by.bsu.fitness.exception.ValidationException - ValidationException: msg
2026-05-27 23:05:08 ERROR by.bsu.fitness.exception.FitnessException - FitnessException created: validation error
2026-05-27 23:05:08 ERROR by.bsu.fitness.exception.ValidationException - ValidationException: validation error
2026-05-27 23:05:08 ERROR by.bsu.fitness.exception.FitnessException - FitnessException created: msg, cause: java.lang.RuntimeException: root
2026-05-27 23:05:08 ERROR by.bsu.fitness.exception.ValidationException - ValidationException: msg, cause: java.lang.RuntimeException: root
2026-05-27 23:05:08 ERROR by.bsu.fitness.factory.SubscriptionFactory - Type supplier is null
2026-05-27 23:05:08 DEBUG by.bsu.fitness.util.IdGenerator - Generated new id: 1
2026-05-27 23:05:08 DEBUG by.bsu.fitness.entity.Subscription - Subscription created: Subscription{id=1, clientId=1, type=YEARLY, startDate=2026-05-27, endDate=2027-05-27, state=ACTIVE}
2026-05-27 23:05:08 DEBUG by.bsu.fitness.factory.SubscriptionFactory - Subscription created: Subscription{id=1, clientId=1, type=YEARLY, startDate=2026-05-27, endDate=2027-05-27, state=ACTIVE}
2026-05-27 23:05:08 DEBUG by.bsu.fitness.util.IdGenerator - Generated new id: 2
2026-05-27 23:05:08 DEBUG by.bsu.fitness.entity.Subscription - Subscription created: Subscription{id=2, clientId=1, type=YEARLY, startDate=2026-05-27, endDate=2027-05-27, state=ACTIVE}
2026-05-27 23:05:08 DEBUG by.bsu.fitness.factory.SubscriptionFactory - Subscription created: Subscription{id=2, clientId=1, type=YEARLY, startDate=2026-05-27, endDate=2027-05-27, state=ACTIVE}
2026-05-27 23:05:08 DEBUG by.bsu.fitness.util.IdGenerator - Generated new id: 3
2026-05-27 23:05:08 DEBUG by.bsu.fitness.entity.Subscription - Subscription created: Subscription{id=3, clientId=42, type=MONTHLY, startDate=2026-05-27, endDate=2026-06-27, state=ACTIVE}
2026-05-27 23:05:08 DEBUG by.bsu.fitness.factory.SubscriptionFactory - Subscription created: Subscription{id=3, clientId=42, type=MONTHLY, startDate=2026-05-27, endDate=2026-06-27, state=ACTIVE}
2026-05-27 23:05:08 ERROR by.bsu.fitness.factory.SubscriptionFactory - Invalid clientId: -1
2026-05-27 23:05:08 ERROR by.bsu.fitness.factory.SubscriptionFactory - Subscription type is null
2026-05-27 23:05:08 ERROR by.bsu.fitness.factory.SubscriptionFactory - Invalid clientId: 0
2026-05-27 23:05:08 DEBUG by.bsu.fitness.util.IdGenerator - Generated new id: 4
2026-05-27 23:05:08 DEBUG by.bsu.fitness.entity.Subscription - Subscription created: Subscription{id=4, clientId=1, type=MONTHLY, startDate=2026-05-27, endDate=2026-06-27, state=ACTIVE}
2026-05-27 23:05:08 DEBUG by.bsu.fitness.factory.SubscriptionFactory - Subscription created: Subscription{id=4, clientId=1, type=MONTHLY, startDate=2026-05-27, endDate=2026-06-27, state=ACTIVE}
2026-05-27 23:05:08 DEBUG by.bsu.fitness.util.IdGenerator - Generated new id: 5
2026-05-27 23:05:08 DEBUG by.bsu.fitness.entity.Subscription - Subscription created: Subscription{id=5, clientId=1, type=YEARLY, startDate=2026-05-27, endDate=2027-05-27, state=ACTIVE}
2026-05-27 23:05:08 DEBUG by.bsu.fitness.factory.SubscriptionFactory - Subscription created: Subscription{id=5, clientId=1, type=YEARLY, startDate=2026-05-27, endDate=2027-05-27, state=ACTIVE}
2026-05-27 23:05:08 DEBUG by.bsu.fitness.util.IdGenerator - Generated new id: 6
2026-05-27 23:05:08 DEBUG by.bsu.fitness.entity.Subscription - Subscription created: Subscription{id=6, clientId=1, type=VISIT_BASED, startDate=2026-05-27, endDate=2031-05-27, state=ACTIVE}
2026-05-27 23:05:08 DEBUG by.bsu.fitness.factory.SubscriptionFactory - Subscription created: Subscription{id=6, clientId=1, type=VISIT_BASED, startDate=2026-05-27, endDate=2031-05-27, state=ACTIVE}
2026-05-27 23:05:08 DEBUG by.bsu.fitness.util.IdGenerator - Generated new id: 7
2026-05-27 23:05:08 DEBUG by.bsu.fitness.entity.Subscription - Subscription created: Subscription{id=7, clientId=1, type=MONTHLY, startDate=2026-05-27, endDate=2026-06-27, state=ACTIVE}
2026-05-27 23:05:08 DEBUG by.bsu.fitness.factory.SubscriptionFactory - Subscription created: Subscription{id=7, clientId=1, type=MONTHLY, startDate=2026-05-27, endDate=2026-06-27, state=ACTIVE}
2026-05-27 23:05:08 DEBUG by.bsu.fitness.util.IdGenerator - Generated new id: 8
2026-05-27 23:05:08 DEBUG by.bsu.fitness.entity.Subscription - Subscription created: Subscription{id=8, clientId=1, type=MONTHLY, startDate=2026-05-27, endDate=2026-06-27, state=ACTIVE}
2026-05-27 23:05:08 DEBUG by.bsu.fitness.factory.SubscriptionFactory - Subscription created: Subscription{id=8, clientId=1, type=MONTHLY, startDate=2026-05-27, endDate=2026-06-27, state=ACTIVE}
2026-05-27 23:05:08 DEBUG by.bsu.fitness.util.IdGenerator - Generated new id: 9
2026-05-27 23:05:08 DEBUG by.bsu.fitness.entity.Subscription - Subscription created: Subscription{id=9, clientId=1, type=VISIT_BASED, startDate=2026-05-27, endDate=2031-05-27, state=ACTIVE}
2026-05-27 23:05:08 DEBUG by.bsu.fitness.factory.SubscriptionFactory - Subscription created: Subscription{id=9, clientId=1, type=VISIT_BASED, startDate=2026-05-27, endDate=2031-05-27, state=ACTIVE}
2026-05-27 23:05:08 DEBUG by.bsu.fitness.util.IdGenerator - Generated new id: 10
2026-05-27 23:05:08 DEBUG by.bsu.fitness.entity.Subscription - Subscription created: Subscription{id=10, clientId=1, type=YEARLY, startDate=2026-05-27, endDate=2027-05-27, state=ACTIVE}
2026-05-27 23:05:08 DEBUG by.bsu.fitness.factory.SubscriptionFactory - Subscription created: Subscription{id=10, clientId=1, type=YEARLY, startDate=2026-05-27, endDate=2027-05-27, state=ACTIVE}
2026-05-27 23:05:08 ERROR by.bsu.fitness.factory.SubscriptionFactory - Invalid clientId: -1
2026-05-27 23:05:08 DEBUG by.bsu.fitness.util.IdGenerator - Generated new id: 11
2026-05-27 23:05:08 DEBUG by.bsu.fitness.entity.Subscription - Subscription created: Subscription{id=11, clientId=1, type=MONTHLY, startDate=2026-05-27, endDate=2026-06-27, state=ACTIVE}
2026-05-27 23:05:08 DEBUG by.bsu.fitness.factory.SubscriptionFactory - Subscription created: Subscription{id=11, clientId=1, type=MONTHLY, startDate=2026-05-27, endDate=2026-06-27, state=ACTIVE}
2026-05-27 23:05:08 DEBUG by.bsu.fitness.util.IdGenerator - Generated new id: 12
2026-05-27 23:05:08 DEBUG by.bsu.fitness.entity.Subscription - Subscription created: Subscription{id=12, clientId=1, type=YEARLY, startDate=2026-05-27, endDate=2027-05-27, state=ACTIVE}
2026-05-27 23:05:08 DEBUG by.bsu.fitness.factory.SubscriptionFactory - Subscription created: Subscription{id=12, clientId=1, type=YEARLY, startDate=2026-05-27, endDate=2027-05-27, state=ACTIVE}
2026-05-27 23:05:08 DEBUG by.bsu.fitness.util.IdGenerator - Generated new id: 13
2026-05-27 23:05:08 DEBUG by.bsu.fitness.entity.Training - Training created: Training{id=13, clientId=1, coachName='Coach', type=GROUP, dateTime=null, durationMinutes=60, state=PLANNED}
2026-05-27 23:05:08 DEBUG by.bsu.fitness.factory.TrainingBuilder - Training built via Elegant Builder: Training{id=13, clientId=1, coachName='Coach', type=GROUP, dateTime=null, durationMinutes=60, state=PLANNED}
2026-05-27 23:05:08 DEBUG by.bsu.fitness.util.IdGenerator - Generated new id: 14
2026-05-27 23:05:08 DEBUG by.bsu.fitness.entity.Training - Training created: Training{id=14, clientId=1, coachName='Coach', type=GROUP, dateTime=2026-06-01T10:00, durationMinutes=60, state=PLANNED}
2026-05-27 23:05:08 DEBUG by.bsu.fitness.factory.TrainingBuilder - Training built: Training{id=14, clientId=1, coachName='Coach', type=GROUP, dateTime=2026-06-01T10:00, durationMinutes=60, state=PLANNED}
2026-05-27 23:05:08 DEBUG by.bsu.fitness.util.IdGenerator - Generated new id: 15
2026-05-27 23:05:08 DEBUG by.bsu.fitness.entity.Training - Training created: Training{id=15, clientId=1, coachName='Coach', type=GROUP, dateTime=2026-06-01T10:00, durationMinutes=60, state=PLANNED}
2026-05-27 23:05:08 DEBUG by.bsu.fitness.factory.TrainingBuilder - Training built: Training{id=15, clientId=1, coachName='Coach', type=GROUP, dateTime=2026-06-01T10:00, durationMinutes=60, state=PLANNED}
2026-05-27 23:05:08 DEBUG by.bsu.fitness.util.IdGenerator - Generated new id: 16
2026-05-27 23:05:08 DEBUG by.bsu.fitness.entity.Training - Training created: Training{id=16, clientId=7, coachName='Coach', type=GROUP, dateTime=2026-06-01T10:00, durationMinutes=60, state=PLANNED}
2026-05-27 23:05:08 DEBUG by.bsu.fitness.factory.TrainingBuilder - Training built: Training{id=16, clientId=7, coachName='Coach', type=GROUP, dateTime=2026-06-01T10:00, durationMinutes=60, state=PLANNED}
2026-05-27 23:05:08 DEBUG by.bsu.fitness.util.IdGenerator - Generated new id: 17
2026-05-27 23:05:08 DEBUG by.bsu.fitness.entity.Training - Training created: Training{id=17, clientId=1, coachName='Петров', type=GROUP, dateTime=2026-06-01T10:00, durationMinutes=60, state=PLANNED}
2026-05-27 23:05:08 DEBUG by.bsu.fitness.factory.TrainingBuilder - Training built: Training{id=17, clientId=1, coachName='Петров', type=GROUP, dateTime=2026-06-01T10:00, durationMinutes=60, state=PLANNED}
2026-05-27 23:05:08 DEBUG by.bsu.fitness.util.IdGenerator - Generated new id: 18
2026-05-27 23:05:08 DEBUG by.bsu.fitness.entity.Training - Training created: Training{id=18, clientId=1, coachName='Coach', type=GROUP, dateTime=2026-06-01T10:00, durationMinutes=90, state=PLANNED}
2026-05-27 23:05:08 DEBUG by.bsu.fitness.factory.TrainingBuilder - Training built: Training{id=18, clientId=1, coachName='Coach', type=GROUP, dateTime=2026-06-01T10:00, durationMinutes=90, state=PLANNED}
2026-05-27 23:05:08 DEBUG by.bsu.fitness.util.IdGenerator - Generated new id: 19
2026-05-27 23:05:08 DEBUG by.bsu.fitness.entity.Training - Training created: Training{id=19, clientId=1, coachName='Coach', type=GROUP, dateTime=2026-06-01T10:00, durationMinutes=60, state=ACTIVE}
2026-05-27 23:05:08 DEBUG by.bsu.fitness.factory.TrainingBuilder - Training built: Training{id=19, clientId=1, coachName='Coach', type=GROUP, dateTime=2026-06-01T10:00, durationMinutes=60, state=ACTIVE}
2026-05-27 23:05:08 DEBUG by.bsu.fitness.util.IdGenerator - Generated new id: 20
2026-05-27 23:05:08 DEBUG by.bsu.fitness.entity.Training - Training created: Training{id=20, clientId=1, coachName='Coach', type=PERSONAL, dateTime=2026-06-01T10:00, durationMinutes=30, state=PLANNED}
2026-05-27 23:05:08 DEBUG by.bsu.fitness.factory.TrainingBuilder - Training built: Training{id=20, clientId=1, coachName='Coach', type=PERSONAL, dateTime=2026-06-01T10:00, durationMinutes=30, state=PLANNED}
2026-05-27 23:05:08 DEBUG by.bsu.fitness.util.IdGenerator - Generated new id: 21
2026-05-27 23:05:08 DEBUG by.bsu.fitness.entity.Training - Training created: Training{id=21, clientId=1, coachName='Coach', type=GROUP, dateTime=null, durationMinutes=60, state=PLANNED}
2026-05-27 23:05:08 DEBUG by.bsu.fitness.factory.TrainingBuilder - Training built via Elegant Builder: Training{id=21, clientId=1, coachName='Coach', type=GROUP, dateTime=null, durationMinutes=60, state=PLANNED}
2026-05-27 23:05:08 DEBUG by.bsu.fitness.util.IdGenerator - Generated new id: 22
2026-05-27 23:05:08 DEBUG by.bsu.fitness.entity.Training - Training created: Training{id=22, clientId=5, coachName='Coach', type=GROUP, dateTime=null, durationMinutes=60, state=PLANNED}
2026-05-27 23:05:08 DEBUG by.bsu.fitness.factory.TrainingBuilder - Training built via Elegant Builder: Training{id=22, clientId=5, coachName='Coach', type=GROUP, dateTime=null, durationMinutes=60, state=PLANNED}
2026-05-27 23:05:08 DEBUG by.bsu.fitness.util.IdGenerator - Generated new id: 23
2026-05-27 23:05:08 DEBUG by.bsu.fitness.entity.Training - Training created: Training{id=23, clientId=1, coachName='Иванов', type=GROUP, dateTime=null, durationMinutes=60, state=PLANNED}
2026-05-27 23:05:08 DEBUG by.bsu.fitness.factory.TrainingBuilder - Training built via Elegant Builder: Training{id=23, clientId=1, coachName='Иванов', type=GROUP, dateTime=null, durationMinutes=60, state=PLANNED}
2026-05-27 23:05:08 DEBUG by.bsu.fitness.util.IdGenerator - Generated new id: 24
2026-05-27 23:05:08 DEBUG by.bsu.fitness.entity.Training - Training created: Training{id=24, clientId=1, coachName='Coach', type=PERSONAL, dateTime=null, durationMinutes=45, state=PLANNED}
2026-05-27 23:05:08 DEBUG by.bsu.fitness.factory.TrainingBuilder - Training built via Elegant Builder: Training{id=24, clientId=1, coachName='Coach', type=PERSONAL, dateTime=null, durationMinutes=45, state=PLANNED}
2026-05-27 23:05:08 DEBUG by.bsu.fitness.util.IdGenerator - Generated new id: 25
2026-05-27 23:05:08 DEBUG by.bsu.fitness.entity.Training - Training created: Training{id=25, clientId=1, coachName='Coach', type=GROUP, dateTime=null, durationMinutes=60, state=PLANNED}
2026-05-27 23:05:08 DEBUG by.bsu.fitness.factory.TrainingBuilder - Training built: Training{id=25, clientId=1, coachName='Coach', type=GROUP, dateTime=null, durationMinutes=60, state=PLANNED}
2026-05-27 23:05:08 DEBUG by.bsu.fitness.entity.Training - Training created: Training{id=1, clientId=3, coachName='X', type=GROUP, dateTime=2026-06-01T10:00, durationMinutes=60, state=PLANNED}
2026-05-27 23:05:08 DEBUG by.bsu.fitness.factory.TrainingBuilder - TrainingBuilder created from Supplier
2026-05-27 23:05:08 DEBUG by.bsu.fitness.util.IdGenerator - Generated new id: 26
2026-05-27 23:05:08 DEBUG by.bsu.fitness.entity.Training - Training created: Training{id=26, clientId=3, coachName='X', type=GROUP, dateTime=2026-06-01T10:00, durationMinutes=60, state=PLANNED}
2026-05-27 23:05:08 DEBUG by.bsu.fitness.factory.TrainingBuilder - Training built: Training{id=26, clientId=3, coachName='X', type=GROUP, dateTime=2026-06-01T10:00, durationMinutes=60, state=PLANNED}
2026-05-27 23:05:08 DEBUG by.bsu.fitness.entity.Training - Training created: Training{id=1, clientId=1, coachName='Сидоров', type=GROUP, dateTime=2026-06-01T10:00, durationMinutes=60, state=PLANNED}
2026-05-27 23:05:08 DEBUG by.bsu.fitness.factory.TrainingBuilder - TrainingBuilder created from Supplier
2026-05-27 23:05:08 DEBUG by.bsu.fitness.util.IdGenerator - Generated new id: 27
2026-05-27 23:05:08 DEBUG by.bsu.fitness.entity.Training - Training created: Training{id=27, clientId=1, coachName='Сидоров', type=GROUP, dateTime=2026-06-01T10:00, durationMinutes=60, state=PLANNED}
2026-05-27 23:05:08 DEBUG by.bsu.fitness.factory.TrainingBuilder - Training built: Training{id=27, clientId=1, coachName='Сидоров', type=GROUP, dateTime=2026-06-01T10:00, durationMinutes=60, state=PLANNED}
2026-05-27 23:05:08 DEBUG by.bsu.fitness.util.IdGenerator - Generated new id: 28
2026-05-27 23:05:08 DEBUG by.bsu.fitness.entity.Training - Training created: Training{id=28, clientId=1, coachName='Coach', type=GROUP, dateTime=null, durationMinutes=0, state=null}
2026-05-27 23:05:08 DEBUG by.bsu.fitness.factory.TrainingBuilder - Training built via Elegant Builder: Training{id=28, clientId=1, coachName='Coach', type=GROUP, dateTime=null, durationMinutes=0, state=null}
2026-05-27 23:05:08 DEBUG by.bsu.fitness.util.IdGenerator - Generated new id: 29
2026-05-27 23:05:08 DEBUG by.bsu.fitness.entity.Training - Training created: Training{id=29, clientId=1, coachName='Coach', type=GROUP, dateTime=null, durationMinutes=60, state=PLANNED}
2026-05-27 23:05:08 DEBUG by.bsu.fitness.factory.TrainingBuilder - Training built: Training{id=29, clientId=1, coachName='Coach', type=GROUP, dateTime=null, durationMinutes=60, state=PLANNED}
2026-05-27 23:05:08 DEBUG by.bsu.fitness.util.IdGenerator - Generated new id: 30
2026-05-27 23:05:08 DEBUG by.bsu.fitness.entity.Training - Training created: Training{id=30, clientId=1, coachName='Coach', type=GROUP, dateTime=null, durationMinutes=60, state=PLANNED}
2026-05-27 23:05:08 DEBUG by.bsu.fitness.factory.TrainingBuilder - Training built: Training{id=30, clientId=1, coachName='Coach', type=GROUP, dateTime=null, durationMinutes=60, state=PLANNED}
2026-05-27 23:05:08 DEBUG by.bsu.fitness.util.IdGenerator - Generated new id: 31
2026-05-27 23:05:08 DEBUG by.bsu.fitness.entity.Training - Training created: Training{id=31, clientId=1, coachName='', type=GROUP, dateTime=2026-06-01T10:00, durationMinutes=60, state=PLANNED}
2026-05-27 23:05:08 DEBUG by.bsu.fitness.factory.TrainingBuilder - Training built: Training{id=31, clientId=1, coachName='', type=GROUP, dateTime=2026-06-01T10:00, durationMinutes=60, state=PLANNED}
2026-05-27 23:05:08 ERROR by.bsu.fitness.validator.TrainingValidator - Coach name is empty
2026-05-27 23:05:08 DEBUG by.bsu.fitness.util.IdGenerator - Generated new id: 32
2026-05-27 23:05:08 DEBUG by.bsu.fitness.entity.Training - Training created: Training{id=32, clientId=-1, coachName='Иванов', type=GROUP, dateTime=2026-06-01T10:00, durationMinutes=60, state=PLANNED}
2026-05-27 23:05:08 DEBUG by.bsu.fitness.factory.TrainingBuilder - Training built: Training{id=32, clientId=-1, coachName='Иванов', type=GROUP, dateTime=2026-06-01T10:00, durationMinutes=60, state=PLANNED}
2026-05-27 23:05:08 ERROR by.bsu.fitness.validator.TrainingValidator - Invalid clientId: -1
2026-05-27 23:05:08 DEBUG by.bsu.fitness.util.IdGenerator - Generated new id: 33
2026-05-27 23:05:08 DEBUG by.bsu.fitness.entity.Training - Training created: Training{id=33, clientId=1, coachName='Иванов', type=GROUP, dateTime=2026-06-01T10:00, durationMinutes=-10, state=PLANNED}
2026-05-27 23:05:08 DEBUG by.bsu.fitness.factory.TrainingBuilder - Training built: Training{id=33, clientId=1, coachName='Иванов', type=GROUP, dateTime=2026-06-01T10:00, durationMinutes=-10, state=PLANNED}
2026-05-27 23:05:08 ERROR by.bsu.fitness.validator.TrainingValidator - Invalid duration: -10
2026-05-27 23:05:08 DEBUG by.bsu.fitness.entity.Training - Training created: Training{id=1, clientId=1, coachName='null', type=GROUP, dateTime=2026-06-01T10:00, durationMinutes=60, state=PLANNED}
2026-05-27 23:05:08 ERROR by.bsu.fitness.validator.TrainingValidator - Coach name is empty
2026-05-27 23:05:08 ERROR by.bsu.fitness.validator.TrainingValidator - Training is null
2026-05-27 23:05:08 DEBUG by.bsu.fitness.util.IdGenerator - Generated new id: 34
2026-05-27 23:05:08 DEBUG by.bsu.fitness.entity.Training - Training created: Training{id=34, clientId=1, coachName='Иванов', type=GROUP, dateTime=2026-06-01T10:00, durationMinutes=60, state=PLANNED}
2026-05-27 23:05:08 DEBUG by.bsu.fitness.factory.TrainingBuilder - Training built: Training{id=34, clientId=1, coachName='Иванов', type=GROUP, dateTime=2026-06-01T10:00, durationMinutes=60, state=PLANNED}
2026-05-27 23:05:08 DEBUG by.bsu.fitness.validator.TrainingValidator - Training 34 validated successfully
2026-05-27 23:05:08 DEBUG by.bsu.fitness.util.IdGenerator - Generated new id: 35
2026-05-27 23:05:08 DEBUG by.bsu.fitness.entity.Training - Training created: Training{id=35, clientId=0, coachName='Иванов', type=GROUP, dateTime=2026-06-01T10:00, durationMinutes=60, state=PLANNED}
2026-05-27 23:05:08 DEBUG by.bsu.fitness.factory.TrainingBuilder - Training built: Training{id=35, clientId=0, coachName='Иванов', type=GROUP, dateTime=2026-06-01T10:00, durationMinutes=60, state=PLANNED}
2026-05-27 23:05:08 ERROR by.bsu.fitness.validator.TrainingValidator - Invalid clientId: 0
2026-05-27 23:05:08 DEBUG by.bsu.fitness.util.IdGenerator - Generated new id: 36
2026-05-27 23:05:08 DEBUG by.bsu.fitness.entity.Training - Training created: Training{id=36, clientId=1, coachName='Иванов', type=GROUP, dateTime=2026-06-01T10:00, durationMinutes=0, state=PLANNED}
2026-05-27 23:05:08 DEBUG by.bsu.fitness.factory.TrainingBuilder - Training built: Training{id=36, clientId=1, coachName='Иванов', type=GROUP, dateTime=2026-06-01T10:00, durationMinutes=0, state=PLANNED}
2026-05-27 23:05:08 ERROR by.bsu.fitness.validator.TrainingValidator - Invalid duration: 0
2026-05-27 23:05:08 DEBUG by.bsu.fitness.entity.Subscription - Subscription created: Subscription{id=1, clientId=1, type=MONTHLY, startDate=2027-01-01, endDate=2026-01-01, state=ACTIVE}
2026-05-27 23:05:08 ERROR by.bsu.fitness.validator.SubscriptionValidator - End date 2026-01-01 is before start date 2027-01-01
2026-05-27 23:05:08 DEBUG by.bsu.fitness.entity.Subscription - Subscription created: Subscription{id=1, clientId=-1, type=MONTHLY, startDate=2026-01-01, endDate=2027-01-01, state=ACTIVE}
2026-05-27 23:05:08 ERROR by.bsu.fitness.validator.SubscriptionValidator - Invalid clientId: -1
2026-05-27 23:05:08 DEBUG by.bsu.fitness.entity.Subscription - Subscription created: Subscription{id=1, clientId=1, type=MONTHLY, startDate=2026-01-01, endDate=null, state=ACTIVE}
2026-05-27 23:05:08 ERROR by.bsu.fitness.validator.SubscriptionValidator - Subscription dates are null
2026-05-27 23:05:08 DEBUG by.bsu.fitness.entity.Subscription - Subscription created: Subscription{id=1, clientId=1, type=MONTHLY, startDate=null, endDate=2027-01-01, state=ACTIVE}
2026-05-27 23:05:08 ERROR by.bsu.fitness.validator.SubscriptionValidator - Subscription dates are null
2026-05-27 23:05:08 ERROR by.bsu.fitness.validator.SubscriptionValidator - Subscription is null
2026-05-27 23:05:08 DEBUG by.bsu.fitness.entity.Subscription - Subscription created: Subscription{id=1, clientId=1, type=MONTHLY, startDate=2026-01-01, endDate=2027-01-01, state=ACTIVE}
2026-05-27 23:05:08 DEBUG by.bsu.fitness.validator.SubscriptionValidator - Subscription 1 validated successfully
2026-05-27 23:05:08 DEBUG by.bsu.fitness.entity.Subscription - Subscription created: Subscription{id=1, clientId=0, type=MONTHLY, startDate=2026-01-01, endDate=2027-01-01, state=ACTIVE}
2026-05-27 23:05:08 ERROR by.bsu.fitness.validator.SubscriptionValidator - Invalid clientId: 0
2026-05-27 23:05:08 DEBUG by.bsu.fitness.validator.DataValidator - Line validated: a,b,c,d,e
2026-05-27 23:05:08 ERROR by.bsu.fitness.validator.DataValidator - Line is empty
2026-05-27 23:05:08 ERROR by.bsu.fitness.validator.DataValidator - Line is empty
2026-05-27 23:05:08 ERROR by.bsu.fitness.validator.DataValidator - Invalid line format: 1,2,3
2026-05-27 23:05:08 ERROR by.bsu.fitness.validator.DataValidator - Invalid line format: a,b,c,d
2026-05-27 23:05:08 DEBUG by.bsu.fitness.validator.DataValidator - Line validated: 1,Иванов,GROUP,2026-06-01T10:00,60,PLANNED
2026-05-27 23:05:08 DEBUG by.bsu.fitness.validator.DataValidator - Line validated: 2,Петров,PERSONAL,2026-07-01T11:00,45,PLANNED
2026-05-27 23:05:08 DEBUG by.bsu.fitness.validator.DataValidator - Line validated: 1,a,b,c,d,e
2026-05-27 23:05:08 DEBUG by.bsu.fitness.entity.Client - Client created: Client{id=1, name='First', phone='+1'}
2026-05-27 23:05:08 DEBUG by.bsu.fitness.repository.ClientRepository - Client added: 1 (First)
2026-05-27 23:05:08 DEBUG by.bsu.fitness.entity.Client - Client created: Client{id=2, name='Second', phone='+2'}
2026-05-27 23:05:08 DEBUG by.bsu.fitness.repository.ClientRepository - Client added: 2 (Second)
2026-05-27 23:05:08 DEBUG by.bsu.fitness.repository.ClientRepository - Client lookup: 2 -> Second
2026-05-27 23:05:08 DEBUG by.bsu.fitness.repository.ClientRepository - Client lookup: 999 -> null
2026-05-27 23:05:08 DEBUG by.bsu.fitness.entity.Client - Client created: Client{id=1, name='Ксения', phone='+1'}
2026-05-27 23:05:08 DEBUG by.bsu.fitness.repository.ClientRepository - Client added: 1 (Ксения)
2026-05-27 23:05:08 DEBUG by.bsu.fitness.repository.ClientRepository - Client lookup: 1 -> Ксения
2026-05-27 23:05:08 DEBUG by.bsu.fitness.entity.Client - Client created: Client{id=2, name='Антон', phone='+2'}
2026-05-27 23:05:08 DEBUG by.bsu.fitness.repository.ClientRepository - Client added: 2 (Антон)
2026-05-27 23:05:08 DEBUG by.bsu.fitness.repository.ClientRepository - Client lookup: 2 -> Антон
2026-05-27 23:05:08 DEBUG by.bsu.fitness.entity.Client - Client created: Client{id=5, name='Test', phone='+5'}
2026-05-27 23:05:08 DEBUG by.bsu.fitness.repository.ClientRepository - Client added: 5 (Test)
2026-05-27 23:05:08 DEBUG by.bsu.fitness.repository.ClientRepository - Client lookup: 5 -> Test
2026-05-27 23:05:08 DEBUG by.bsu.fitness.entity.Client - Client created: Client{id=3, name='Name', phone='+375-11-111-11-11'}
2026-05-27 23:05:08 DEBUG by.bsu.fitness.repository.ClientRepository - Client added: 3 (Name)
2026-05-27 23:05:08 DEBUG by.bsu.fitness.repository.ClientRepository - Client lookup: 3 -> Name
2026-05-27 23:05:08 DEBUG by.bsu.fitness.repository.SubscriptionRepository - Subscription lookup by clientId 999 -> null
2026-05-27 23:05:08 DEBUG by.bsu.fitness.entity.Subscription - Subscription created: Subscription{id=1, clientId=5, type=MONTHLY, startDate=2026-01-01, endDate=2027-01-01, state=ACTIVE}
2026-05-27 23:05:08 DEBUG by.bsu.fitness.repository.SubscriptionRepository - Subscription added: Subscription{id=1, clientId=5, type=MONTHLY, startDate=2026-01-01, endDate=2027-01-01, state=ACTIVE}
2026-05-27 23:05:08 DEBUG by.bsu.fitness.repository.SubscriptionRepository - Subscription lookup by clientId 5 -> Subscription{id=1, clientId=5, type=MONTHLY, startDate=2026-01-01, endDate=2027-01-01, state=ACTIVE}
2026-05-27 23:05:08 DEBUG by.bsu.fitness.entity.Subscription - Subscription created: Subscription{id=1, clientId=7, type=MONTHLY, startDate=2026-01-01, endDate=2027-01-01, state=ACTIVE}
2026-05-27 23:05:08 DEBUG by.bsu.fitness.repository.SubscriptionRepository - Subscription added: Subscription{id=1, clientId=7, type=MONTHLY, startDate=2026-01-01, endDate=2027-01-01, state=ACTIVE}
2026-05-27 23:05:08 DEBUG by.bsu.fitness.repository.SubscriptionRepository - Subscription lookup by clientId 7 -> Subscription{id=1, clientId=7, type=MONTHLY, startDate=2026-01-01, endDate=2027-01-01, state=ACTIVE}
2026-05-27 23:05:08 DEBUG by.bsu.fitness.entity.Subscription - Subscription created: Subscription{id=1, clientId=2, type=MONTHLY, startDate=2026-01-01, endDate=2027-01-01, state=FROZEN}
2026-05-27 23:05:08 DEBUG by.bsu.fitness.repository.SubscriptionRepository - Subscription added: Subscription{id=1, clientId=2, type=MONTHLY, startDate=2026-01-01, endDate=2027-01-01, state=FROZEN}
2026-05-27 23:05:08 DEBUG by.bsu.fitness.repository.SubscriptionRepository - Subscription lookup by clientId 2 -> Subscription{id=1, clientId=2, type=MONTHLY, startDate=2026-01-01, endDate=2027-01-01, state=FROZEN}
2026-05-27 23:05:08 DEBUG by.bsu.fitness.repository.SubscriptionRepository - Subscription lookup by id 999 -> null
2026-05-27 23:05:08 DEBUG by.bsu.fitness.entity.Subscription - Subscription created: Subscription{id=10, clientId=1, type=MONTHLY, startDate=2026-01-01, endDate=2027-01-01, state=ACTIVE}
2026-05-27 23:05:08 DEBUG by.bsu.fitness.repository.SubscriptionRepository - Subscription added: Subscription{id=10, clientId=1, type=MONTHLY, startDate=2026-01-01, endDate=2027-01-01, state=ACTIVE}
2026-05-27 23:05:08 DEBUG by.bsu.fitness.repository.SubscriptionRepository - Subscription lookup by id 10 -> Subscription{id=10, clientId=1, type=MONTHLY, startDate=2026-01-01, endDate=2027-01-01, state=ACTIVE}
2026-05-27 23:05:08 DEBUG by.bsu.fitness.entity.Subscription - Subscription created: Subscription{id=1, clientId=1, type=YEARLY, startDate=2026-01-01, endDate=2027-01-01, state=ACTIVE}
2026-05-27 23:05:08 DEBUG by.bsu.fitness.repository.SubscriptionRepository - Subscription added: Subscription{id=1, clientId=1, type=YEARLY, startDate=2026-01-01, endDate=2027-01-01, state=ACTIVE}
2026-05-27 23:05:08 DEBUG by.bsu.fitness.repository.SubscriptionRepository - Subscription lookup by id 1 -> Subscription{id=1, clientId=1, type=YEARLY, startDate=2026-01-01, endDate=2027-01-01, state=ACTIVE}
2026-05-27 23:05:08 DEBUG by.bsu.fitness.entity.Training - Training created: Training{id=1, clientId=1, coachName='Coach', type=GROUP, dateTime=2026-06-01T10:00, durationMinutes=60, state=PLANNED}
2026-05-27 23:05:08 DEBUG by.bsu.fitness.repository.TrainingRepository - Training added: Training{id=1, clientId=1, coachName='Coach', type=GROUP, dateTime=2026-06-01T10:00, durationMinutes=60, state=PLANNED}
2026-05-27 23:05:08 DEBUG by.bsu.fitness.repository.TrainingRepository - Returning all trainings, count=1
2026-05-27 23:05:08 ERROR by.bsu.fitness.repository.TrainingRepository - Attempt to add null training
2026-05-27 23:05:08 ERROR by.bsu.fitness.exception.FitnessException - FitnessException created: Training cannot be null
2026-05-27 23:05:08 ERROR by.bsu.fitness.exception.RepositoryException - RepositoryException: Training cannot be null
2026-05-27 23:05:08 DEBUG by.bsu.fitness.entity.Training - Training created: Training{id=1, clientId=1, coachName='Coach', type=GROUP, dateTime=2026-06-01T10:00, durationMinutes=60, state=PLANNED}
2026-05-27 23:05:08 DEBUG by.bsu.fitness.repository.TrainingRepository - Training added: Training{id=1, clientId=1, coachName='Coach', type=GROUP, dateTime=2026-06-01T10:00, durationMinutes=60, state=PLANNED}
2026-05-27 23:05:08 DEBUG by.bsu.fitness.entity.Training - Training created: Training{id=2, clientId=2, coachName='Other', type=PERSONAL, dateTime=2026-06-01T10:00, durationMinutes=45, state=PLANNED}
2026-05-27 23:05:08 DEBUG by.bsu.fitness.repository.TrainingRepository - Training added: Training{id=2, clientId=2, coachName='Other', type=PERSONAL, dateTime=2026-06-01T10:00, durationMinutes=45, state=PLANNED}
2026-05-27 23:05:08 DEBUG by.bsu.fitness.repository.TrainingRepository - Returning all trainings, count=2
2026-05-27 23:05:08 DEBUG by.bsu.fitness.repository.TrainingRepository - Returning all trainings, count=0
2026-05-27 23:05:08 DEBUG by.bsu.fitness.entity.Training - Training created: Training{id=1, clientId=1, coachName='Coach', type=GROUP, dateTime=2026-06-01T10:00, durationMinutes=60, state=PLANNED}
2026-05-27 23:05:08 DEBUG by.bsu.fitness.repository.TrainingRepository - Training added: Training{id=1, clientId=1, coachName='Coach', type=GROUP, dateTime=2026-06-01T10:00, durationMinutes=60, state=PLANNED}
2026-05-27 23:05:08 DEBUG by.bsu.fitness.repository.TrainingRepository - Returning all trainings, count=1
2026-05-27 23:05:08 DEBUG by.bsu.fitness.repository.TrainingRepository - Returning all trainings, count=1
2026-05-27 23:05:08 DEBUG by.bsu.fitness.entity.Training - Training created: Training{id=1, clientId=1, coachName='Coach', type=GROUP, dateTime=2026-06-01T10:00, durationMinutes=60, state=PLANNED}
2026-05-27 23:05:08 DEBUG by.bsu.fitness.repository.TrainingRepository - Training added: Training{id=1, clientId=1, coachName='Coach', type=GROUP, dateTime=2026-06-01T10:00, durationMinutes=60, state=PLANNED}
2026-05-27 23:05:08 DEBUG by.bsu.fitness.specification.TrainingByClientIdSpecification - TrainingByClientIdSpecification created with clientId=1
2026-05-27 23:05:08 DEBUG by.bsu.fitness.specification.TrainingByClientIdSpecification - Matching training 1 by clientId 1 -> true
2026-05-27 23:05:08 DEBUG by.bsu.fitness.repository.TrainingRepository - Query result size: 1
2026-05-27 23:05:08 DEBUG by.bsu.fitness.entity.Training - Training created: Training{id=1, clientId=1, coachName='Coach', type=GROUP, dateTime=2026-06-01T10:00, durationMinutes=60, state=PLANNED}
2026-05-27 23:05:08 DEBUG by.bsu.fitness.repository.TrainingRepository - Training added: Training{id=1, clientId=1, coachName='Coach', type=GROUP, dateTime=2026-06-01T10:00, durationMinutes=60, state=PLANNED}
2026-05-27 23:05:08 DEBUG by.bsu.fitness.entity.Training - Training created: Training{id=2, clientId=2, coachName='Coach', type=GROUP, dateTime=2026-06-01T10:00, durationMinutes=60, state=PLANNED}
2026-05-27 23:05:08 DEBUG by.bsu.fitness.repository.TrainingRepository - Training added: Training{id=2, clientId=2, coachName='Coach', type=GROUP, dateTime=2026-06-01T10:00, durationMinutes=60, state=PLANNED}
2026-05-27 23:05:08 DEBUG by.bsu.fitness.specification.TrainingByClientIdSpecification - TrainingByClientIdSpecification created with clientId=1
2026-05-27 23:05:08 DEBUG by.bsu.fitness.specification.TrainingByClientIdSpecification - Matching training 1 by clientId 1 -> true
2026-05-27 23:05:08 DEBUG by.bsu.fitness.specification.TrainingByClientIdSpecification - Matching training 2 by clientId 1 -> false
2026-05-27 23:05:08 DEBUG by.bsu.fitness.repository.TrainingRepository - Query result size: 1
2026-05-27 23:05:08 DEBUG by.bsu.fitness.entity.Training - Training created: Training{id=1, clientId=1, coachName='Coach', type=GROUP, dateTime=2026-06-01T10:00, durationMinutes=60, state=PLANNED}
2026-05-27 23:05:08 DEBUG by.bsu.fitness.repository.TrainingRepository - Training added: Training{id=1, clientId=1, coachName='Coach', type=GROUP, dateTime=2026-06-01T10:00, durationMinutes=60, state=PLANNED}
2026-05-27 23:05:08 DEBUG by.bsu.fitness.specification.TrainingByClientIdSpecification - TrainingByClientIdSpecification created with clientId=999
2026-05-27 23:05:08 DEBUG by.bsu.fitness.specification.TrainingByClientIdSpecification - Matching training 1 by clientId 999 -> false
2026-05-27 23:05:08 DEBUG by.bsu.fitness.repository.TrainingRepository - Query result size: 0
2026-05-27 23:05:08 DEBUG by.bsu.fitness.entity.Training - Training created: Training{id=1, clientId=1, coachName='Coach', type=GROUP, dateTime=2026-06-01T10:00, durationMinutes=90, state=PLANNED}
2026-05-27 23:05:08 DEBUG by.bsu.fitness.repository.TrainingRepository - Training added: Training{id=1, clientId=1, coachName='Coach', type=GROUP, dateTime=2026-06-01T10:00, durationMinutes=90, state=PLANNED}
2026-05-27 23:05:08 DEBUG by.bsu.fitness.entity.Training - Training created: Training{id=2, clientId=1, coachName='Coach', type=GROUP, dateTime=2026-06-01T10:00, durationMinutes=30, state=PLANNED}
2026-05-27 23:05:08 DEBUG by.bsu.fitness.repository.TrainingRepository - Training added: Training{id=2, clientId=1, coachName='Coach', type=GROUP, dateTime=2026-06-01T10:00, durationMinutes=30, state=PLANNED}
2026-05-27 23:05:08 DEBUG by.bsu.fitness.repository.TrainingRepository - Trainings sorted, count=2
2026-05-27 23:05:08 DEBUG by.bsu.fitness.entity.Training - Training created: Training{id=1, clientId=1, coachName='Coach', type=GROUP, dateTime=2026-06-01T10:00, durationMinutes=30, state=PLANNED}
2026-05-27 23:05:08 DEBUG by.bsu.fitness.repository.TrainingRepository - Training added: Training{id=1, clientId=1, coachName='Coach', type=GROUP, dateTime=2026-06-01T10:00, durationMinutes=30, state=PLANNED}
2026-05-27 23:05:08 DEBUG by.bsu.fitness.entity.Training - Training created: Training{id=2, clientId=1, coachName='Coach', type=GROUP, dateTime=2026-06-01T10:00, durationMinutes=90, state=PLANNED}
2026-05-27 23:05:08 DEBUG by.bsu.fitness.repository.TrainingRepository - Training added: Training{id=2, clientId=1, coachName='Coach', type=GROUP, dateTime=2026-06-01T10:00, durationMinutes=90, state=PLANNED}
2026-05-27 23:05:08 DEBUG by.bsu.fitness.repository.TrainingRepository - Trainings sorted, count=2
2026-05-27 23:05:08 DEBUG by.bsu.fitness.service.impl.SubscriptionServiceImpl - SubscriptionServiceImpl created
2026-05-27 23:05:08 DEBUG by.bsu.fitness.util.IdGenerator - Generated new id: 37
2026-05-27 23:05:08 DEBUG by.bsu.fitness.entity.Subscription - Subscription created: Subscription{id=37, clientId=1, type=MONTHLY, startDate=2026-05-27, endDate=2026-06-27, state=ACTIVE}
2026-05-27 23:05:08 DEBUG by.bsu.fitness.factory.SubscriptionFactory - Subscription created: Subscription{id=37, clientId=1, type=MONTHLY, startDate=2026-05-27, endDate=2026-06-27, state=ACTIVE}
2026-05-27 23:05:08 DEBUG by.bsu.fitness.validator.SubscriptionValidator - Subscription 37 validated successfully
2026-05-27 23:05:08 DEBUG by.bsu.fitness.repository.SubscriptionRepository - Subscription added: Subscription{id=37, clientId=1, type=MONTHLY, startDate=2026-05-27, endDate=2026-06-27, state=ACTIVE}
2026-05-27 23:05:08 DEBUG by.bsu.fitness.service.impl.SubscriptionServiceImpl - Subscription 37 created and saved
2026-05-27 23:05:08 DEBUG by.bsu.fitness.repository.SubscriptionRepository - Subscription lookup by id 37 -> Subscription{id=37, clientId=1, type=MONTHLY, startDate=2026-05-27, endDate=2026-06-27, state=ACTIVE}
2026-05-27 23:05:08 DEBUG by.bsu.fitness.entity.Subscription - Changing subscription state from ACTIVE to FROZEN
2026-05-27 23:05:08 DEBUG by.bsu.fitness.service.impl.SubscriptionServiceImpl - Subscription 37 frozen
2026-05-27 23:05:08 DEBUG by.bsu.fitness.repository.SubscriptionRepository - Subscription lookup by id 37 -> Subscription{id=37, clientId=1, type=MONTHLY, startDate=2026-05-27, endDate=2026-06-27, state=FROZEN}
2026-05-27 23:05:08 DEBUG by.bsu.fitness.entity.Subscription - Changing subscription state from FROZEN to ACTIVE
2026-05-27 23:05:08 DEBUG by.bsu.fitness.service.impl.SubscriptionServiceImpl - Subscription 37 activated
2026-05-27 23:05:08 DEBUG by.bsu.fitness.repository.SubscriptionRepository - Subscription lookup by id 37 -> Subscription{id=37, clientId=1, type=MONTHLY, startDate=2026-05-27, endDate=2026-06-27, state=ACTIVE}
2026-05-27 23:05:08 DEBUG by.bsu.fitness.service.impl.SubscriptionServiceImpl - SubscriptionServiceImpl created
2026-05-27 23:05:08 DEBUG by.bsu.fitness.repository.SubscriptionRepository - Subscription lookup by id 999 -> null
2026-05-27 23:05:08 ERROR by.bsu.fitness.exception.FitnessException - FitnessException created: Subscription not found: 999
2026-05-27 23:05:08 ERROR by.bsu.fitness.exception.ServiceException - ServiceException: Subscription not found: 999
2026-05-27 23:05:08 DEBUG by.bsu.fitness.service.impl.SubscriptionServiceImpl - SubscriptionServiceImpl created
2026-05-27 23:05:08 DEBUG by.bsu.fitness.util.IdGenerator - Generated new id: 38
2026-05-27 23:05:08 DEBUG by.bsu.fitness.entity.Subscription - Subscription created: Subscription{id=38, clientId=1, type=YEARLY, startDate=2026-05-27, endDate=2027-05-27, state=ACTIVE}
2026-05-27 23:05:08 DEBUG by.bsu.fitness.factory.SubscriptionFactory - Subscription created: Subscription{id=38, clientId=1, type=YEARLY, startDate=2026-05-27, endDate=2027-05-27, state=ACTIVE}
2026-05-27 23:05:08 DEBUG by.bsu.fitness.validator.SubscriptionValidator - Subscription 38 validated successfully
2026-05-27 23:05:08 DEBUG by.bsu.fitness.repository.SubscriptionRepository - Subscription added: Subscription{id=38, clientId=1, type=YEARLY, startDate=2026-05-27, endDate=2027-05-27, state=ACTIVE}
2026-05-27 23:05:08 DEBUG by.bsu.fitness.service.impl.SubscriptionServiceImpl - Subscription 38 created and saved
2026-05-27 23:05:08 DEBUG by.bsu.fitness.repository.SubscriptionRepository - Subscription lookup by id 38 -> Subscription{id=38, clientId=1, type=YEARLY, startDate=2026-05-27, endDate=2027-05-27, state=ACTIVE}
2026-05-27 23:05:08 DEBUG by.bsu.fitness.repository.SubscriptionRepository - Subscription lookup by id 38 -> Subscription{id=38, clientId=1, type=YEARLY, startDate=2026-05-27, endDate=2027-05-27, state=ACTIVE}
2026-05-27 23:05:08 DEBUG by.bsu.fitness.service.impl.SubscriptionServiceImpl - SubscriptionServiceImpl created
2026-05-27 23:05:08 DEBUG by.bsu.fitness.repository.SubscriptionRepository - Subscription lookup by id 999 -> null
2026-05-27 23:05:08 ERROR by.bsu.fitness.exception.FitnessException - FitnessException created: Subscription not found: 999
2026-05-27 23:05:08 ERROR by.bsu.fitness.exception.ServiceException - ServiceException: Subscription not found: 999
2026-05-27 23:05:08 DEBUG by.bsu.fitness.service.impl.SubscriptionServiceImpl - SubscriptionServiceImpl created
2026-05-27 23:05:08 ERROR by.bsu.fitness.factory.SubscriptionFactory - Invalid clientId: 0
2026-05-27 23:05:08 ERROR by.bsu.fitness.exception.FitnessException - FitnessException created: Failed to create subscription: invalid parameters
2026-05-27 23:05:08 ERROR by.bsu.fitness.exception.ServiceException - ServiceException: Failed to create subscription: invalid parameters
2026-05-27 23:05:08 DEBUG by.bsu.fitness.service.impl.SubscriptionServiceImpl - SubscriptionServiceImpl created
2026-05-27 23:05:08 DEBUG by.bsu.fitness.util.IdGenerator - Generated new id: 39
2026-05-27 23:05:08 DEBUG by.bsu.fitness.entity.Subscription - Subscription created: Subscription{id=39, clientId=1, type=MONTHLY, startDate=2026-05-27, endDate=2026-06-27, state=ACTIVE}
2026-05-27 23:05:08 DEBUG by.bsu.fitness.factory.SubscriptionFactory - Subscription created: Subscription{id=39, clientId=1, type=MONTHLY, startDate=2026-05-27, endDate=2026-06-27, state=ACTIVE}
2026-05-27 23:05:08 DEBUG by.bsu.fitness.validator.SubscriptionValidator - Subscription 39 validated successfully
2026-05-27 23:05:08 DEBUG by.bsu.fitness.repository.SubscriptionRepository - Subscription added: Subscription{id=39, clientId=1, type=MONTHLY, startDate=2026-05-27, endDate=2026-06-27, state=ACTIVE}
2026-05-27 23:05:08 DEBUG by.bsu.fitness.service.impl.SubscriptionServiceImpl - Subscription 39 created and saved
2026-05-27 23:05:08 DEBUG by.bsu.fitness.service.impl.SubscriptionServiceImpl - SubscriptionServiceImpl created
2026-05-27 23:05:08 DEBUG by.bsu.fitness.util.IdGenerator - Generated new id: 40
2026-05-27 23:05:08 DEBUG by.bsu.fitness.entity.Subscription - Subscription created: Subscription{id=40, clientId=1, type=MONTHLY, startDate=2026-05-27, endDate=2026-06-27, state=ACTIVE}
2026-05-27 23:05:08 DEBUG by.bsu.fitness.factory.SubscriptionFactory - Subscription created: Subscription{id=40, clientId=1, type=MONTHLY, startDate=2026-05-27, endDate=2026-06-27, state=ACTIVE}
2026-05-27 23:05:08 DEBUG by.bsu.fitness.validator.SubscriptionValidator - Subscription 40 validated successfully
2026-05-27 23:05:08 DEBUG by.bsu.fitness.repository.SubscriptionRepository - Subscription added: Subscription{id=40, clientId=1, type=MONTHLY, startDate=2026-05-27, endDate=2026-06-27, state=ACTIVE}
2026-05-27 23:05:08 DEBUG by.bsu.fitness.service.impl.SubscriptionServiceImpl - Subscription 40 created and saved
2026-05-27 23:05:08 DEBUG by.bsu.fitness.service.impl.SubscriptionServiceImpl - SubscriptionServiceImpl created
2026-05-27 23:05:08 DEBUG by.bsu.fitness.util.IdGenerator - Generated new id: 41
2026-05-27 23:05:08 DEBUG by.bsu.fitness.entity.Subscription - Subscription created: Subscription{id=41, clientId=1, type=MONTHLY, startDate=2026-05-27, endDate=2026-06-27, state=ACTIVE}
2026-05-27 23:05:08 DEBUG by.bsu.fitness.factory.SubscriptionFactory - Subscription created: Subscription{id=41, clientId=1, type=MONTHLY, startDate=2026-05-27, endDate=2026-06-27, state=ACTIVE}
2026-05-27 23:05:08 DEBUG by.bsu.fitness.validator.SubscriptionValidator - Subscription 41 validated successfully
2026-05-27 23:05:08 DEBUG by.bsu.fitness.repository.SubscriptionRepository - Subscription added: Subscription{id=41, clientId=1, type=MONTHLY, startDate=2026-05-27, endDate=2026-06-27, state=ACTIVE}
2026-05-27 23:05:08 DEBUG by.bsu.fitness.service.impl.SubscriptionServiceImpl - Subscription 41 created and saved
2026-05-27 23:05:08 DEBUG by.bsu.fitness.service.impl.SubscriptionServiceImpl - SubscriptionServiceImpl created
2026-05-27 23:05:08 DEBUG by.bsu.fitness.util.IdGenerator - Generated new id: 42
2026-05-27 23:05:08 DEBUG by.bsu.fitness.entity.Subscription - Subscription created: Subscription{id=42, clientId=1, type=YEARLY, startDate=2026-05-27, endDate=2027-05-27, state=ACTIVE}
2026-05-27 23:05:08 DEBUG by.bsu.fitness.factory.SubscriptionFactory - Subscription created: Subscription{id=42, clientId=1, type=YEARLY, startDate=2026-05-27, endDate=2027-05-27, state=ACTIVE}
2026-05-27 23:05:08 DEBUG by.bsu.fitness.validator.SubscriptionValidator - Subscription 42 validated successfully
2026-05-27 23:05:08 DEBUG by.bsu.fitness.repository.SubscriptionRepository - Subscription added: Subscription{id=42, clientId=1, type=YEARLY, startDate=2026-05-27, endDate=2027-05-27, state=ACTIVE}
2026-05-27 23:05:08 DEBUG by.bsu.fitness.service.impl.SubscriptionServiceImpl - Subscription 42 created and saved
2026-05-27 23:05:08 DEBUG by.bsu.fitness.service.impl.SubscriptionServiceImpl - SubscriptionServiceImpl created
2026-05-27 23:05:08 DEBUG by.bsu.fitness.util.IdGenerator - Generated new id: 43
2026-05-27 23:05:08 DEBUG by.bsu.fitness.entity.Subscription - Subscription created: Subscription{id=43, clientId=1, type=MONTHLY, startDate=2026-05-27, endDate=2026-06-27, state=ACTIVE}
2026-05-27 23:05:08 DEBUG by.bsu.fitness.factory.SubscriptionFactory - Subscription created: Subscription{id=43, clientId=1, type=MONTHLY, startDate=2026-05-27, endDate=2026-06-27, state=ACTIVE}
2026-05-27 23:05:08 DEBUG by.bsu.fitness.validator.SubscriptionValidator - Subscription 43 validated successfully
2026-05-27 23:05:08 DEBUG by.bsu.fitness.repository.SubscriptionRepository - Subscription added: Subscription{id=43, clientId=1, type=MONTHLY, startDate=2026-05-27, endDate=2026-06-27, state=ACTIVE}
2026-05-27 23:05:08 DEBUG by.bsu.fitness.service.impl.SubscriptionServiceImpl - Subscription 43 created and saved
2026-05-27 23:05:08 DEBUG by.bsu.fitness.repository.SubscriptionRepository - Subscription lookup by id 43 -> Subscription{id=43, clientId=1, type=MONTHLY, startDate=2026-05-27, endDate=2026-06-27, state=ACTIVE}
2026-05-27 23:05:08 DEBUG by.bsu.fitness.entity.Subscription - Changing subscription state from ACTIVE to FROZEN
2026-05-27 23:05:08 DEBUG by.bsu.fitness.service.impl.SubscriptionServiceImpl - Subscription 43 frozen
2026-05-27 23:05:08 DEBUG by.bsu.fitness.repository.SubscriptionRepository - Subscription lookup by id 43 -> Subscription{id=43, clientId=1, type=MONTHLY, startDate=2026-05-27, endDate=2026-06-27, state=FROZEN}
2026-05-27 23:05:08 DEBUG by.bsu.fitness.service.impl.SubscriptionServiceImpl - SubscriptionServiceImpl created
2026-05-27 23:05:08 DEBUG by.bsu.fitness.repository.SubscriptionRepository - Subscription lookup by id 999 -> null
2026-05-27 23:05:08 ERROR by.bsu.fitness.exception.FitnessException - FitnessException created: Subscription not found: 999
2026-05-27 23:05:08 ERROR by.bsu.fitness.exception.ServiceException - ServiceException: Subscription not found: 999
2026-05-27 23:05:08 DEBUG by.bsu.fitness.entity.Subscription - Subscription created: Subscription{id=1, clientId=1, type=YEARLY, startDate=2025-01-01, endDate=2030-01-01, state=ACTIVE}
2026-05-27 23:05:08 DEBUG by.bsu.fitness.repository.SubscriptionRepository - Subscription added: Subscription{id=1, clientId=1, type=YEARLY, startDate=2025-01-01, endDate=2030-01-01, state=ACTIVE}
2026-05-27 23:05:08 DEBUG by.bsu.fitness.service.impl.TrainingServiceImpl - TrainingServiceImpl created
2026-05-27 23:05:08 DEBUG by.bsu.fitness.entity.Training - Training created: Training{id=2, clientId=1, coachName='Coach', type=PERSONAL, dateTime=2026-06-01T10:00, durationMinutes=45, state=PLANNED}
2026-05-27 23:05:08 DEBUG by.bsu.fitness.validator.TrainingValidator - Training 2 validated successfully
2026-05-27 23:05:08 DEBUG by.bsu.fitness.repository.SubscriptionRepository - Subscription lookup by clientId 1 -> Subscription{id=1, clientId=1, type=YEARLY, startDate=2025-01-01, endDate=2030-01-01, state=ACTIVE}
2026-05-27 23:05:08 DEBUG by.bsu.fitness.repository.TrainingRepository - Training added: Training{id=2, clientId=1, coachName='Coach', type=PERSONAL, dateTime=2026-06-01T10:00, durationMinutes=45, state=PLANNED}
2026-05-27 23:05:08 DEBUG by.bsu.fitness.template.RegistrationTemplate - RegistrationTemplate created for training 2
2026-05-27 23:05:08 DEBUG by.bsu.fitness.template.PersonalTrainingRegistration - PersonalTrainingRegistration created for training 2
2026-05-27 23:05:08 DEBUG by.bsu.fitness.template.RegistrationTemplate - Starting registration process for training 2
2026-05-27 23:05:08 DEBUG by.bsu.fitness.template.PersonalTrainingRegistration - Validating personal training 2
2026-05-27 23:05:08 DEBUG by.bsu.fitness.template.PersonalTrainingRegistration - Reserving slot for personal training 2
2026-05-27 23:05:08 DEBUG by.bsu.fitness.template.RegistrationTemplate - Applying strategy for training 2
2026-05-27 23:05:08 DEBUG by.bsu.fitness.strategy.impl.PersonalTrainingStrategy - Executing personal training strategy for training 2
2026-05-27 23:05:08 INFO  by.bsu.fitness.strategy.impl.PersonalTrainingStrategy - Personal training with coach Coach for client 1
2026-05-27 23:05:08 DEBUG by.bsu.fitness.template.RegistrationTemplate - Notifying observers about training 2
2026-05-27 23:05:08 DEBUG by.bsu.fitness.observer.TrainingScheduleObservable - Notifying 0 observers about training 2
2026-05-27 23:05:08 DEBUG by.bsu.fitness.template.RegistrationTemplate - Registration process finished for training 2
2026-05-27 23:05:08 DEBUG by.bsu.fitness.repository.TrainingRepository - Returning all trainings, count=1
2026-05-27 23:05:08 DEBUG by.bsu.fitness.entity.Subscription - Subscription created: Subscription{id=1, clientId=1, type=YEARLY, startDate=2025-01-01, endDate=2030-01-01, state=ACTIVE}
2026-05-27 23:05:08 DEBUG by.bsu.fitness.repository.SubscriptionRepository - Subscription added: Subscription{id=1, clientId=1, type=YEARLY, startDate=2025-01-01, endDate=2030-01-01, state=ACTIVE}
2026-05-27 23:05:08 DEBUG by.bsu.fitness.service.impl.TrainingServiceImpl - TrainingServiceImpl created
2026-05-27 23:05:08 DEBUG by.bsu.fitness.entity.Subscription - Subscription created: Subscription{id=3, clientId=3, type=MONTHLY, startDate=2020-01-01, endDate=2021-01-01, state=ACTIVE}
2026-05-27 23:05:08 DEBUG by.bsu.fitness.repository.SubscriptionRepository - Subscription added: Subscription{id=3, clientId=3, type=MONTHLY, startDate=2020-01-01, endDate=2021-01-01, state=ACTIVE}
2026-05-27 23:05:08 DEBUG by.bsu.fitness.entity.Training - Training created: Training{id=5, clientId=3, coachName='Coach', type=GROUP, dateTime=2026-06-01T10:00, durationMinutes=60, state=PLANNED}
2026-05-27 23:05:08 DEBUG by.bsu.fitness.validator.TrainingValidator - Training 5 validated successfully
2026-05-27 23:05:08 DEBUG by.bsu.fitness.repository.SubscriptionRepository - Subscription lookup by clientId 3 -> Subscription{id=3, clientId=3, type=MONTHLY, startDate=2020-01-01, endDate=2021-01-01, state=ACTIVE}
2026-05-27 23:05:08 DEBUG by.bsu.fitness.entity.Subscription - Changing subscription state from ACTIVE to EXPIRED
2026-05-27 23:05:08 ERROR by.bsu.fitness.exception.FitnessException - FitnessException created: Subscription expired
2026-05-27 23:05:08 ERROR by.bsu.fitness.exception.ServiceException - ServiceException: Subscription expired
2026-05-27 23:05:08 DEBUG by.bsu.fitness.entity.Subscription - Subscription created: Subscription{id=1, clientId=1, type=YEARLY, startDate=2025-01-01, endDate=2030-01-01, state=ACTIVE}
2026-05-27 23:05:08 DEBUG by.bsu.fitness.repository.SubscriptionRepository - Subscription added: Subscription{id=1, clientId=1, type=YEARLY, startDate=2025-01-01, endDate=2030-01-01, state=ACTIVE}
2026-05-27 23:05:08 DEBUG by.bsu.fitness.service.impl.TrainingServiceImpl - TrainingServiceImpl created
2026-05-27 23:05:08 DEBUG by.bsu.fitness.entity.Subscription - Subscription created: Subscription{id=2, clientId=2, type=MONTHLY, startDate=2025-01-01, endDate=2030-01-01, state=FROZEN}
2026-05-27 23:05:08 DEBUG by.bsu.fitness.repository.SubscriptionRepository - Subscription added: Subscription{id=2, clientId=2, type=MONTHLY, startDate=2025-01-01, endDate=2030-01-01, state=FROZEN}
2026-05-27 23:05:08 DEBUG by.bsu.fitness.entity.Training - Training created: Training{id=4, clientId=2, coachName='Coach', type=GROUP, dateTime=2026-06-01T10:00, durationMinutes=60, state=PLANNED}
2026-05-27 23:05:08 DEBUG by.bsu.fitness.validator.TrainingValidator - Training 4 validated successfully
2026-05-27 23:05:08 DEBUG by.bsu.fitness.repository.SubscriptionRepository - Subscription lookup by clientId 2 -> Subscription{id=2, clientId=2, type=MONTHLY, startDate=2025-01-01, endDate=2030-01-01, state=FROZEN}
2026-05-27 23:05:08 ERROR by.bsu.fitness.exception.FitnessException - FitnessException created: Subscription is frozen
2026-05-27 23:05:08 ERROR by.bsu.fitness.exception.ServiceException - ServiceException: Subscription is frozen
2026-05-27 23:05:08 DEBUG by.bsu.fitness.entity.Subscription - Subscription created: Subscription{id=1, clientId=1, type=YEARLY, startDate=2025-01-01, endDate=2030-01-01, state=ACTIVE}
2026-05-27 23:05:08 DEBUG by.bsu.fitness.repository.SubscriptionRepository - Subscription added: Subscription{id=1, clientId=1, type=YEARLY, startDate=2025-01-01, endDate=2030-01-01, state=ACTIVE}
2026-05-27 23:05:08 DEBUG by.bsu.fitness.service.impl.TrainingServiceImpl - TrainingServiceImpl created
2026-05-27 23:05:08 DEBUG by.bsu.fitness.entity.Training - Training created: Training{id=3, clientId=999, coachName='Coach', type=GROUP, dateTime=2026-06-01T10:00, durationMinutes=60, state=PLANNED}
2026-05-27 23:05:08 DEBUG by.bsu.fitness.validator.TrainingValidator - Training 3 validated successfully
2026-05-27 23:05:08 DEBUG by.bsu.fitness.repository.SubscriptionRepository - Subscription lookup by clientId 999 -> null
2026-05-27 23:05:08 ERROR by.bsu.fitness.exception.FitnessException - FitnessException created: No subscription for client 999
2026-05-27 23:05:08 ERROR by.bsu.fitness.exception.ServiceException - ServiceException: No subscription for client 999
2026-05-27 23:05:08 DEBUG by.bsu.fitness.entity.Subscription - Subscription created: Subscription{id=1, clientId=1, type=YEARLY, startDate=2025-01-01, endDate=2030-01-01, state=ACTIVE}
2026-05-27 23:05:08 DEBUG by.bsu.fitness.repository.SubscriptionRepository - Subscription added: Subscription{id=1, clientId=1, type=YEARLY, startDate=2025-01-01, endDate=2030-01-01, state=ACTIVE}
2026-05-27 23:05:08 DEBUG by.bsu.fitness.service.impl.TrainingServiceImpl - TrainingServiceImpl created
2026-05-27 23:05:08 ERROR by.bsu.fitness.validator.TrainingValidator - Training is null
2026-05-27 23:05:08 ERROR by.bsu.fitness.exception.FitnessException - FitnessException created: Training validation failed
2026-05-27 23:05:08 ERROR by.bsu.fitness.exception.ServiceException - ServiceException: Training validation failed
2026-05-27 23:05:08 DEBUG by.bsu.fitness.entity.Subscription - Subscription created: Subscription{id=1, clientId=1, type=YEARLY, startDate=2025-01-01, endDate=2030-01-01, state=ACTIVE}
2026-05-27 23:05:08 DEBUG by.bsu.fitness.repository.SubscriptionRepository - Subscription added: Subscription{id=1, clientId=1, type=YEARLY, startDate=2025-01-01, endDate=2030-01-01, state=ACTIVE}
2026-05-27 23:05:08 DEBUG by.bsu.fitness.service.impl.TrainingServiceImpl - TrainingServiceImpl created
2026-05-27 23:05:08 DEBUG by.bsu.fitness.entity.Training - Training created: Training{id=1, clientId=1, coachName='Coach', type=GROUP, dateTime=2026-06-01T10:00, durationMinutes=60, state=PLANNED}
2026-05-27 23:05:08 DEBUG by.bsu.fitness.validator.TrainingValidator - Training 1 validated successfully
2026-05-27 23:05:08 DEBUG by.bsu.fitness.repository.SubscriptionRepository - Subscription lookup by clientId 1 -> Subscription{id=1, clientId=1, type=YEARLY, startDate=2025-01-01, endDate=2030-01-01, state=ACTIVE}
2026-05-27 23:05:08 DEBUG by.bsu.fitness.repository.TrainingRepository - Training added: Training{id=1, clientId=1, coachName='Coach', type=GROUP, dateTime=2026-06-01T10:00, durationMinutes=60, state=PLANNED}
2026-05-27 23:05:08 DEBUG by.bsu.fitness.template.RegistrationTemplate - RegistrationTemplate created for training 1
2026-05-27 23:05:08 DEBUG by.bsu.fitness.template.GroupTrainingRegistration - GroupTrainingRegistration created for training 1
2026-05-27 23:05:08 DEBUG by.bsu.fitness.template.RegistrationTemplate - Starting registration process for training 1
2026-05-27 23:05:08 DEBUG by.bsu.fitness.template.GroupTrainingRegistration - Validating group training 1
2026-05-27 23:05:08 DEBUG by.bsu.fitness.template.GroupTrainingRegistration - Reserving slot for group training 1
2026-05-27 23:05:08 DEBUG by.bsu.fitness.template.RegistrationTemplate - Applying strategy for training 1
2026-05-27 23:05:08 DEBUG by.bsu.fitness.strategy.impl.GroupTrainingStrategy - Executing group training strategy for training 1
2026-05-27 23:05:08 INFO  by.bsu.fitness.strategy.impl.GroupTrainingStrategy - Group training with coach Coach for client 1
2026-05-27 23:05:08 DEBUG by.bsu.fitness.template.RegistrationTemplate - Notifying observers about training 1
2026-05-27 23:05:08 DEBUG by.bsu.fitness.observer.TrainingScheduleObservable - Notifying 0 observers about training 1
2026-05-27 23:05:08 DEBUG by.bsu.fitness.template.RegistrationTemplate - Registration process finished for training 1
2026-05-27 23:05:08 DEBUG by.bsu.fitness.repository.TrainingRepository - Returning all trainings, count=1
2026-05-27 23:05:08 DEBUG by.bsu.fitness.service.impl.NotificationServiceImpl - NotificationServiceImpl created
2026-05-27 23:05:08 DEBUG by.bsu.fitness.service.impl.NotificationServiceImpl - NotificationServiceImpl created
2026-05-27 23:05:08 DEBUG by.bsu.fitness.entity.Client - Client created: Client{id=1, name='Name', phone='+1'}
2026-05-27 23:05:08 DEBUG by.bsu.fitness.observer.ClientObserver - ClientObserver created for client 1 (Name)
2026-05-27 23:05:08 DEBUG by.bsu.fitness.service.impl.NotificationServiceImpl - Client 1 (Name) subscribed to notifications
2026-05-27 23:05:08 DEBUG by.bsu.fitness.service.impl.NotificationServiceImpl - NotificationServiceImpl created
2026-05-27 23:05:08 DEBUG by.bsu.fitness.entity.Client - Client created: Client{id=1, name='A', phone='+1'}
2026-05-27 23:05:08 DEBUG by.bsu.fitness.observer.ClientObserver - ClientObserver created for client 1 (A)
2026-05-27 23:05:08 DEBUG by.bsu.fitness.service.impl.NotificationServiceImpl - Client 1 (A) subscribed to notifications
2026-05-27 23:05:08 DEBUG by.bsu.fitness.entity.Client - Client created: Client{id=2, name='B', phone='+2'}
2026-05-27 23:05:08 DEBUG by.bsu.fitness.observer.ClientObserver - ClientObserver created for client 2 (B)
2026-05-27 23:05:08 DEBUG by.bsu.fitness.service.impl.NotificationServiceImpl - Client 2 (B) subscribed to notifications
2026-05-27 23:05:08 DEBUG by.bsu.fitness.service.impl.NotificationServiceImpl - NotificationServiceImpl created
2026-05-27 23:05:08 DEBUG by.bsu.fitness.entity.Client - Client created: Client{id=1, name='Name', phone='+1'}
2026-05-27 23:05:08 DEBUG by.bsu.fitness.observer.ClientObserver - ClientObserver created for client 1 (Name)
2026-05-27 23:05:08 DEBUG by.bsu.fitness.service.impl.NotificationServiceImpl - Client 1 (Name) unsubscribed from notifications
2026-05-27 23:05:08 DEBUG by.bsu.fitness.entity.Client - Client created: Client{id=1, name='Ксения', phone='+375-11-111-11-11'}
2026-05-27 23:05:08 DEBUG by.bsu.fitness.observer.ClientObserver - ClientObserver created for client 1 (Ксения)
2026-05-27 23:05:08 DEBUG by.bsu.fitness.entity.Client - Client created: Client{id=1, name='Ксения', phone='+375-11-111-11-11'}
2026-05-27 23:05:08 DEBUG by.bsu.fitness.observer.ClientObserver - ClientObserver created for client 1 (Ксения)
2026-05-27 23:05:08 DEBUG by.bsu.fitness.entity.Client - Client created: Client{id=1, name='Ксения', phone='+375-11-111-11-11'}
2026-05-27 23:05:08 DEBUG by.bsu.fitness.observer.ClientObserver - ClientObserver created for client 1 (Ксения)
2026-05-27 23:05:08 DEBUG by.bsu.fitness.entity.Client - Client created: Client{id=1, name='Ксения', phone='+375-11-111-11-11'}
2026-05-27 23:05:08 DEBUG by.bsu.fitness.observer.ClientObserver - ClientObserver created for client 1 (Ксения)
2026-05-27 23:05:08 DEBUG by.bsu.fitness.entity.Client - Client created: Client{id=1, name='Ксения', phone='+375-11-111-11-11'}
2026-05-27 23:05:08 DEBUG by.bsu.fitness.observer.ClientObserver - ClientObserver created for client 1 (Ксения)
2026-05-27 23:05:08 DEBUG by.bsu.fitness.entity.Client - Client created: Client{id=1, name='Ксения', phone='+375-11-111-11-11'}
2026-05-27 23:05:08 DEBUG by.bsu.fitness.observer.ClientObserver - ClientObserver created for client 1 (Ксения)
2026-05-27 23:05:08 DEBUG by.bsu.fitness.entity.Training - Training created: Training{id=1, clientId=1, coachName='Coach', type=GROUP, dateTime=2026-06-01T10:00, durationMinutes=60, state=PLANNED}
2026-05-27 23:05:08 INFO  by.bsu.fitness.observer.ClientObserver - Client 1 (Ксения) notified about new training: Training{id=1, clientId=1, coachName='Coach', type=GROUP, dateTime=2026-06-01T10:00, durationMinutes=60, state=PLANNED}
2026-05-27 23:05:08 DEBUG by.bsu.fitness.entity.Training - Training created: Training{id=1, clientId=1, coachName='Coach', type=GROUP, dateTime=2026-06-01T10:00, durationMinutes=60, state=PLANNED}
2026-05-27 23:05:08 DEBUG by.bsu.fitness.observer.TrainingScheduleObservable - Notifying 0 observers about training 1
2026-05-27 23:05:08 DEBUG by.bsu.fitness.entity.Training - Training created: Training{id=1, clientId=1, coachName='Coach', type=GROUP, dateTime=2026-06-01T10:00, durationMinutes=60, state=PLANNED}
2026-05-27 23:05:08 DEBUG by.bsu.fitness.observer.TrainingScheduleObservable - Observer added: TrainingScheduleObservableTest$$Lambda/0x00000176d716fd30
2026-05-27 23:05:08 DEBUG by.bsu.fitness.observer.TrainingScheduleObservable - Notifying 1 observers about training 1
2026-05-27 23:05:08 DEBUG by.bsu.fitness.entity.Training - Training created: Training{id=1, clientId=1, coachName='Coach', type=GROUP, dateTime=2026-06-01T10:00, durationMinutes=60, state=PLANNED}
2026-05-27 23:05:08 DEBUG by.bsu.fitness.observer.TrainingScheduleObservable - Observer added: TrainingScheduleObservableTest$$Lambda/0x00000176d716b000
2026-05-27 23:05:08 DEBUG by.bsu.fitness.observer.TrainingScheduleObservable - Notifying 1 observers about training 1
2026-05-27 23:05:08 DEBUG by.bsu.fitness.entity.Training - Training created: Training{id=1, clientId=1, coachName='Coach', type=GROUP, dateTime=2026-06-01T10:00, durationMinutes=60, state=PLANNED}
2026-05-27 23:05:08 DEBUG by.bsu.fitness.entity.Training - Training created: Training{id=1, clientId=1, coachName='Coach', type=GROUP, dateTime=2026-06-01T10:00, durationMinutes=60, state=PLANNED}
2026-05-27 23:05:08 DEBUG by.bsu.fitness.observer.TrainingScheduleObservable - Observer added: TrainingScheduleObservableTest$$Lambda/0x00000176d716b238
2026-05-27 23:05:08 DEBUG by.bsu.fitness.observer.TrainingScheduleObservable - Observer removed: TrainingScheduleObservableTest$$Lambda/0x00000176d716b238
2026-05-27 23:05:08 DEBUG by.bsu.fitness.observer.TrainingScheduleObservable - Notifying 0 observers about training 1
2026-05-27 23:05:08 DEBUG by.bsu.fitness.entity.Training - Training created: Training{id=1, clientId=1, coachName='Coach', type=GROUP, dateTime=2026-06-01T10:00, durationMinutes=60, state=PLANNED}
2026-05-27 23:05:08 DEBUG by.bsu.fitness.observer.TrainingScheduleObservable - Observer added: TrainingScheduleObservableTest$$Lambda/0x00000176d716b470
2026-05-27 23:05:08 DEBUG by.bsu.fitness.observer.TrainingScheduleObservable - Observer added: TrainingScheduleObservableTest$$Lambda/0x00000176d716b6a8
2026-05-27 23:05:08 DEBUG by.bsu.fitness.observer.TrainingScheduleObservable - Notifying 2 observers about training 1
2026-05-27 23:05:08 DEBUG by.bsu.fitness.entity.Training - Training created: Training{id=1, clientId=5, coachName='Coach Smith', type=GROUP, dateTime=2026-06-01T10:00, durationMinutes=60, state=PLANNED}
2026-05-27 23:05:08 DEBUG by.bsu.fitness.specification.TrainingByClientIdSpecification - TrainingByClientIdSpecification created with clientId=99
2026-05-27 23:05:08 DEBUG by.bsu.fitness.specification.TrainingByClientIdSpecification - Matching training 1 by clientId 99 -> false
2026-05-27 23:05:08 DEBUG by.bsu.fitness.entity.Training - Training created: Training{id=1, clientId=5, coachName='Coach Smith', type=GROUP, dateTime=2026-06-01T10:00, durationMinutes=60, state=PLANNED}
2026-05-27 23:05:08 DEBUG by.bsu.fitness.specification.TrainingByClientIdSpecification - TrainingByClientIdSpecification created with clientId=5
2026-05-27 23:05:08 DEBUG by.bsu.fitness.specification.TrainingByClientIdSpecification - Matching training 1 by clientId 5 -> true
2026-05-27 23:05:08 DEBUG by.bsu.fitness.entity.Training - Training created: Training{id=1, clientId=5, coachName='Coach Smith', type=GROUP, dateTime=2026-06-01T10:00, durationMinutes=60, state=PLANNED}
2026-05-27 23:05:08 DEBUG by.bsu.fitness.specification.TrainingByCoachNameSpecification - TrainingByCoachNameSpecification created with coachName=Wrong Coach
2026-05-27 23:05:08 DEBUG by.bsu.fitness.specification.TrainingByCoachNameSpecification - Matching training 1 by coachName Wrong Coach -> false
2026-05-27 23:05:08 DEBUG by.bsu.fitness.entity.Training - Training created: Training{id=1, clientId=5, coachName='Coach Smith', type=GROUP, dateTime=2026-06-01T10:00, durationMinutes=60, state=PLANNED}
2026-05-27 23:05:08 DEBUG by.bsu.fitness.specification.TrainingByCoachNameSpecification - TrainingByCoachNameSpecification created with coachName=Coach Smith
2026-05-27 23:05:08 DEBUG by.bsu.fitness.specification.TrainingByCoachNameSpecification - Matching training 1 by coachName Coach Smith -> true
2026-05-27 23:05:08 DEBUG by.bsu.fitness.entity.Training - Training created: Training{id=1, clientId=5, coachName='Coach Smith', type=GROUP, dateTime=2026-06-01T10:00, durationMinutes=60, state=PLANNED}
2026-05-27 23:05:08 DEBUG by.bsu.fitness.specification.TrainingByDateSpecification - TrainingByDateSpecification created with date=2025-01-01
2026-05-27 23:05:08 DEBUG by.bsu.fitness.specification.TrainingByDateSpecification - Matching training 1 by date 2025-01-01 -> false
2026-05-27 23:05:08 DEBUG by.bsu.fitness.entity.Training - Training created: Training{id=1, clientId=5, coachName='Coach Smith', type=GROUP, dateTime=2026-06-01T10:00, durationMinutes=60, state=PLANNED}
2026-05-27 23:05:08 DEBUG by.bsu.fitness.specification.TrainingByDateSpecification - TrainingByDateSpecification created with date=2026-06-01
2026-05-27 23:05:08 DEBUG by.bsu.fitness.specification.TrainingByDateSpecification - Matching training 1 by date 2026-06-01 -> true
2026-05-27 23:05:08 DEBUG by.bsu.fitness.entity.Training - Training created: Training{id=1, clientId=5, coachName='Coach Smith', type=GROUP, dateTime=2026-06-01T10:00, durationMinutes=60, state=PLANNED}
2026-05-27 23:05:08 DEBUG by.bsu.fitness.specification.TrainingByDurationSpecification - TrainingByDurationSpecification created with duration=90
2026-05-27 23:05:08 DEBUG by.bsu.fitness.specification.TrainingByDurationSpecification - Matching training 1 by duration 90 -> false
2026-05-27 23:05:08 DEBUG by.bsu.fitness.entity.Training - Training created: Training{id=1, clientId=5, coachName='Coach Smith', type=GROUP, dateTime=2026-06-01T10:00, durationMinutes=60, state=PLANNED}
2026-05-27 23:05:08 DEBUG by.bsu.fitness.specification.TrainingByDurationSpecification - TrainingByDurationSpecification created with duration=60
2026-05-27 23:05:08 DEBUG by.bsu.fitness.specification.TrainingByDurationSpecification - Matching training 1 by duration 60 -> true
2026-05-27 23:05:08 DEBUG by.bsu.fitness.entity.Training - Training created: Training{id=1, clientId=5, coachName='Coach Smith', type=GROUP, dateTime=2026-06-01T10:00, durationMinutes=60, state=PLANNED}
2026-05-27 23:05:08 DEBUG by.bsu.fitness.specification.TrainingByTypeSpecification - TrainingByTypeSpecification created with type=PERSONAL
2026-05-27 23:05:08 DEBUG by.bsu.fitness.specification.TrainingByTypeSpecification - Matching training 1 by type PERSONAL -> false
2026-05-27 23:05:08 DEBUG by.bsu.fitness.entity.Training - Training created: Training{id=1, clientId=5, coachName='Coach Smith', type=GROUP, dateTime=2026-06-01T10:00, durationMinutes=60, state=PLANNED}
2026-05-27 23:05:08 DEBUG by.bsu.fitness.specification.TrainingByTypeSpecification - TrainingByTypeSpecification created with type=GROUP
2026-05-27 23:05:08 DEBUG by.bsu.fitness.specification.TrainingByTypeSpecification - Matching training 1 by type GROUP -> true
2026-05-27 23:05:08 DEBUG by.bsu.fitness.entity.Training - Training created: Training{id=1, clientId=1, coachName='Coach', type=GROUP, dateTime=2026-06-01T10:00, durationMinutes=60, state=PLANNED}
2026-05-27 23:05:08 DEBUG by.bsu.fitness.entity.Training - Training created: Training{id=2, clientId=2, coachName='Coach', type=PERSONAL, dateTime=2026-06-01T10:00, durationMinutes=45, state=PLANNED}
2026-05-27 23:05:08 DEBUG by.bsu.fitness.strategy.impl.GroupTrainingStrategy - Executing group training strategy for training 1
2026-05-27 23:05:08 INFO  by.bsu.fitness.strategy.impl.GroupTrainingStrategy - Group training with coach Coach for client 1
2026-05-27 23:05:08 DEBUG by.bsu.fitness.entity.Training - Training created: Training{id=1, clientId=1, coachName='Coach', type=GROUP, dateTime=2026-06-01T10:00, durationMinutes=60, state=PLANNED}
2026-05-27 23:05:08 DEBUG by.bsu.fitness.entity.Training - Training created: Training{id=2, clientId=2, coachName='Coach', type=PERSONAL, dateTime=2026-06-01T10:00, durationMinutes=45, state=PLANNED}
2026-05-27 23:05:08 DEBUG by.bsu.fitness.entity.Training - Training created: Training{id=1, clientId=1, coachName='Coach', type=GROUP, dateTime=2026-06-01T10:00, durationMinutes=60, state=PLANNED}
2026-05-27 23:05:08 DEBUG by.bsu.fitness.entity.Training - Training created: Training{id=2, clientId=2, coachName='Coach', type=PERSONAL, dateTime=2026-06-01T10:00, durationMinutes=45, state=PLANNED}
2026-05-27 23:05:08 DEBUG by.bsu.fitness.strategy.impl.PersonalTrainingStrategy - Executing personal training strategy for training 2
2026-05-27 23:05:08 INFO  by.bsu.fitness.strategy.impl.PersonalTrainingStrategy - Personal training with coach Coach for client 2
2026-05-27 23:05:08 DEBUG by.bsu.fitness.entity.Training - Training created: Training{id=1, clientId=1, coachName='Coach', type=GROUP, dateTime=2026-06-01T10:00, durationMinutes=60, state=PLANNED}
2026-05-27 23:05:08 DEBUG by.bsu.fitness.entity.Training - Training created: Training{id=2, clientId=2, coachName='Coach', type=PERSONAL, dateTime=2026-06-01T10:00, durationMinutes=45, state=PLANNED}
2026-05-27 23:05:08 DEBUG by.bsu.fitness.entity.Training - Training created: Training{id=1, clientId=1, coachName='Coach', type=GROUP, dateTime=2026-06-01T10:00, durationMinutes=60, state=PLANNED}
2026-05-27 23:05:08 DEBUG by.bsu.fitness.entity.Training - Training created: Training{id=2, clientId=2, coachName='Coach', type=PERSONAL, dateTime=2026-06-01T10:00, durationMinutes=45, state=PLANNED}
2026-05-27 23:05:08 DEBUG by.bsu.fitness.template.RegistrationTemplate - RegistrationTemplate created for training 1
2026-05-27 23:05:08 DEBUG by.bsu.fitness.template.GroupTrainingRegistration - GroupTrainingRegistration created for training 1
2026-05-27 23:05:08 DEBUG by.bsu.fitness.template.RegistrationTemplate - Starting registration process for training 1
2026-05-27 23:05:08 DEBUG by.bsu.fitness.template.GroupTrainingRegistration - Validating group training 1
2026-05-27 23:05:08 DEBUG by.bsu.fitness.template.GroupTrainingRegistration - Reserving slot for group training 1
2026-05-27 23:05:08 DEBUG by.bsu.fitness.template.RegistrationTemplate - Applying strategy for training 1
2026-05-27 23:05:08 DEBUG by.bsu.fitness.strategy.impl.GroupTrainingStrategy - Executing group training strategy for training 1
2026-05-27 23:05:08 INFO  by.bsu.fitness.strategy.impl.GroupTrainingStrategy - Group training with coach Coach for client 1
2026-05-27 23:05:08 DEBUG by.bsu.fitness.template.RegistrationTemplate - Notifying observers about training 1
2026-05-27 23:05:08 DEBUG by.bsu.fitness.template.RegistrationTemplate - Registration process finished for training 1
2026-05-27 23:05:08 DEBUG by.bsu.fitness.entity.Training - Training created: Training{id=1, clientId=1, coachName='Coach', type=GROUP, dateTime=2026-06-01T10:00, durationMinutes=60, state=PLANNED}
2026-05-27 23:05:08 DEBUG by.bsu.fitness.entity.Training - Training created: Training{id=2, clientId=2, coachName='Coach', type=PERSONAL, dateTime=2026-06-01T10:00, durationMinutes=45, state=PLANNED}
2026-05-27 23:05:08 DEBUG by.bsu.fitness.template.RegistrationTemplate - RegistrationTemplate created for training 1
2026-05-27 23:05:08 DEBUG by.bsu.fitness.template.GroupTrainingRegistration - GroupTrainingRegistration created for training 1
2026-05-27 23:05:08 DEBUG by.bsu.fitness.template.RegistrationTemplate - Starting registration process for training 1
2026-05-27 23:05:08 DEBUG by.bsu.fitness.template.GroupTrainingRegistration - Validating group training 1
2026-05-27 23:05:08 DEBUG by.bsu.fitness.template.GroupTrainingRegistration - Reserving slot for group training 1
2026-05-27 23:05:08 DEBUG by.bsu.fitness.template.RegistrationTemplate - Applying strategy for training 1
2026-05-27 23:05:08 DEBUG by.bsu.fitness.strategy.impl.GroupTrainingStrategy - Executing group training strategy for training 1
2026-05-27 23:05:08 INFO  by.bsu.fitness.strategy.impl.GroupTrainingStrategy - Group training with coach Coach for client 1
2026-05-27 23:05:08 DEBUG by.bsu.fitness.template.RegistrationTemplate - Notifying observers about training 1
2026-05-27 23:05:08 DEBUG by.bsu.fitness.template.RegistrationTemplate - Registration process finished for training 1
2026-05-27 23:05:08 DEBUG by.bsu.fitness.entity.Training - Training created: Training{id=1, clientId=1, coachName='Coach', type=GROUP, dateTime=2026-06-01T10:00, durationMinutes=60, state=PLANNED}
2026-05-27 23:05:08 DEBUG by.bsu.fitness.entity.Training - Training created: Training{id=2, clientId=2, coachName='Coach', type=PERSONAL, dateTime=2026-06-01T10:00, durationMinutes=45, state=PLANNED}
2026-05-27 23:05:08 DEBUG by.bsu.fitness.template.RegistrationTemplate - RegistrationTemplate created for training 2
2026-05-27 23:05:08 DEBUG by.bsu.fitness.template.PersonalTrainingRegistration - PersonalTrainingRegistration created for training 2
2026-05-27 23:05:08 DEBUG by.bsu.fitness.template.RegistrationTemplate - Starting registration process for training 2
2026-05-27 23:05:08 DEBUG by.bsu.fitness.template.PersonalTrainingRegistration - Validating personal training 2
2026-05-27 23:05:08 DEBUG by.bsu.fitness.template.PersonalTrainingRegistration - Reserving slot for personal training 2
2026-05-27 23:05:08 DEBUG by.bsu.fitness.template.RegistrationTemplate - Applying strategy for training 2
2026-05-27 23:05:08 DEBUG by.bsu.fitness.strategy.impl.PersonalTrainingStrategy - Executing personal training strategy for training 2
2026-05-27 23:05:08 INFO  by.bsu.fitness.strategy.impl.PersonalTrainingStrategy - Personal training with coach Coach for client 2
2026-05-27 23:05:08 DEBUG by.bsu.fitness.template.RegistrationTemplate - Notifying observers about training 2
2026-05-27 23:05:08 DEBUG by.bsu.fitness.template.RegistrationTemplate - Registration process finished for training 2
2026-05-27 23:05:08 DEBUG by.bsu.fitness.entity.Training - Training created: Training{id=1, clientId=1, coachName='Coach', type=GROUP, dateTime=2026-06-01T10:00, durationMinutes=60, state=PLANNED}
2026-05-27 23:05:08 DEBUG by.bsu.fitness.entity.Training - Training created: Training{id=2, clientId=2, coachName='Coach', type=PERSONAL, dateTime=2026-06-01T10:00, durationMinutes=45, state=PLANNED}
2026-05-27 23:05:08 DEBUG by.bsu.fitness.template.RegistrationTemplate - RegistrationTemplate created for training 2
2026-05-27 23:05:08 DEBUG by.bsu.fitness.template.PersonalTrainingRegistration - PersonalTrainingRegistration created for training 2
2026-05-27 23:05:08 DEBUG by.bsu.fitness.template.RegistrationTemplate - Starting registration process for training 2
2026-05-27 23:05:08 DEBUG by.bsu.fitness.template.PersonalTrainingRegistration - Validating personal training 2
2026-05-27 23:05:08 DEBUG by.bsu.fitness.template.PersonalTrainingRegistration - Reserving slot for personal training 2
2026-05-27 23:05:08 DEBUG by.bsu.fitness.template.RegistrationTemplate - Applying strategy for training 2
2026-05-27 23:05:08 DEBUG by.bsu.fitness.strategy.impl.PersonalTrainingStrategy - Executing personal training strategy for training 2
2026-05-27 23:05:08 INFO  by.bsu.fitness.strategy.impl.PersonalTrainingStrategy - Personal training with coach Coach for client 2
2026-05-27 23:05:08 DEBUG by.bsu.fitness.template.RegistrationTemplate - Notifying observers about training 2
2026-05-27 23:05:08 DEBUG by.bsu.fitness.template.RegistrationTemplate - Registration process finished for training 2
2026-05-27 23:05:08 DEBUG by.bsu.fitness.util.IdGenerator - Generated new id: 44
2026-05-27 23:05:08 DEBUG by.bsu.fitness.util.IdGenerator - Generated new id: 45
2026-05-27 23:05:08 DEBUG by.bsu.fitness.util.IdGenerator - Generated new id: 46
2026-05-27 23:05:08 DEBUG by.bsu.fitness.util.IdGenerator - Generated new id: 47
2026-05-27 23:05:08 DEBUG by.bsu.fitness.util.IdGenerator - Generated new id: 48
2026-05-27 23:05:08 DEBUG by.bsu.fitness.util.IdGenerator - Generated new id: 49
2026-05-27 23:05:08 DEBUG by.bsu.fitness.util.TrainingFileReader - TrainingFileReader created
2026-05-27 23:05:08 DEBUG by.bsu.fitness.util.TrainingFileReader - TrainingFileReader created
2026-05-27 23:05:08 DEBUG by.bsu.fitness.util.TrainingFileReader - Header line skipped: clientId,coach,type,dateTime,duration,state
2026-05-27 23:05:08 DEBUG by.bsu.fitness.util.TrainingFileReader - TrainingFileReader created
2026-05-27 23:05:08 ERROR by.bsu.fitness.validator.DataValidator - Invalid line format: bad
2026-05-27 23:05:08 ERROR by.bsu.fitness.util.TrainingFileReader - Invalid line skipped: bad
2026-05-27 23:05:08 DEBUG by.bsu.fitness.util.TrainingFileReader - TrainingFileReader created
2026-05-27 23:05:08 ERROR by.bsu.fitness.validator.DataValidator - Invalid line format: bad
2026-05-27 23:05:08 ERROR by.bsu.fitness.util.TrainingFileReader - Invalid line skipped: bad
2026-05-27 23:05:08 DEBUG by.bsu.fitness.util.TrainingFileReader - TrainingFileReader created
2026-05-27 23:05:08 DEBUG by.bsu.fitness.validator.DataValidator - Line validated: 1,Coach,GROUP,2026-06-01T10:00,60,PLANNED
2026-05-27 23:05:08 DEBUG by.bsu.fitness.util.IdGenerator - Generated new id: 50
2026-05-27 23:05:08 DEBUG by.bsu.fitness.entity.Training - Training created: Training{id=50, clientId=1, coachName='Coach', type=GROUP, dateTime=2026-06-01T10:00, durationMinutes=60, state=PLANNED}
2026-05-27 23:05:08 DEBUG by.bsu.fitness.factory.TrainingBuilder - Training built: Training{id=50, clientId=1, coachName='Coach', type=GROUP, dateTime=2026-06-01T10:00, durationMinutes=60, state=PLANNED}
2026-05-27 23:05:08 DEBUG by.bsu.fitness.util.TrainingFileReader - Training parsed and added: 50
2026-05-27 23:05:08 DEBUG by.bsu.fitness.validator.DataValidator - Line validated: 2,Coach,PERSONAL,2026-07-01T11:00,45,PLANNED
2026-05-27 23:05:08 DEBUG by.bsu.fitness.util.IdGenerator - Generated new id: 51
2026-05-27 23:05:08 DEBUG by.bsu.fitness.entity.Training - Training created: Training{id=51, clientId=2, coachName='Coach', type=PERSONAL, dateTime=2026-07-01T11:00, durationMinutes=45, state=PLANNED}
2026-05-27 23:05:08 DEBUG by.bsu.fitness.factory.TrainingBuilder - Training built: Training{id=51, clientId=2, coachName='Coach', type=PERSONAL, dateTime=2026-07-01T11:00, durationMinutes=45, state=PLANNED}
2026-05-27 23:05:08 DEBUG by.bsu.fitness.util.TrainingFileReader - Training parsed and added: 51
2026-05-27 23:05:08 DEBUG by.bsu.fitness.util.TrainingFileReader - TrainingFileReader created
2026-05-27 23:05:08 DEBUG by.bsu.fitness.validator.DataValidator - Line validated: 1,Coach,GROUP,2026-06-01T10:00,60,PLANNED
2026-05-27 23:05:08 DEBUG by.bsu.fitness.util.IdGenerator - Generated new id: 52
2026-05-27 23:05:08 DEBUG by.bsu.fitness.entity.Training - Training created: Training{id=52, clientId=1, coachName='Coach', type=GROUP, dateTime=2026-06-01T10:00, durationMinutes=60, state=PLANNED}
2026-05-27 23:05:08 DEBUG by.bsu.fitness.factory.TrainingBuilder - Training built: Training{id=52, clientId=1, coachName='Coach', type=GROUP, dateTime=2026-06-01T10:00, durationMinutes=60, state=PLANNED}
2026-05-27 23:05:08 DEBUG by.bsu.fitness.util.TrainingFileReader - Training parsed and added: 52
2026-05-27 23:05:08 DEBUG by.bsu.fitness.util.TrainingFileReader - TrainingFileReader created
2026-05-27 23:05:09 DEBUG by.bsu.fitness.validator.DataValidator - Line validated: 5,Coach,GROUP,2026-06-01T10:00,60,PLANNED
2026-05-27 23:05:09 DEBUG by.bsu.fitness.util.IdGenerator - Generated new id: 53
2026-05-27 23:05:09 DEBUG by.bsu.fitness.entity.Training - Training created: Training{id=53, clientId=5, coachName='Coach', type=GROUP, dateTime=2026-06-01T10:00, durationMinutes=60, state=PLANNED}
2026-05-27 23:05:09 DEBUG by.bsu.fitness.factory.TrainingBuilder - Training built: Training{id=53, clientId=5, coachName='Coach', type=GROUP, dateTime=2026-06-01T10:00, durationMinutes=60, state=PLANNED}
2026-05-27 23:05:09 DEBUG by.bsu.fitness.util.TrainingFileReader - Training parsed and added: 53
2026-05-27 23:05:09 DEBUG by.bsu.fitness.util.TrainingFileReader - TrainingFileReader created
2026-05-27 23:05:09 DEBUG by.bsu.fitness.validator.DataValidator - Line validated: 1,Иванов,GROUP,2026-06-01T10:00,60,PLANNED
2026-05-27 23:05:09 DEBUG by.bsu.fitness.util.IdGenerator - Generated new id: 54
2026-05-27 23:05:09 DEBUG by.bsu.fitness.entity.Training - Training created: Training{id=54, clientId=1, coachName='Иванов', type=GROUP, dateTime=2026-06-01T10:00, durationMinutes=60, state=PLANNED}
2026-05-27 23:05:09 DEBUG by.bsu.fitness.factory.TrainingBuilder - Training built: Training{id=54, clientId=1, coachName='Иванов', type=GROUP, dateTime=2026-06-01T10:00, durationMinutes=60, state=PLANNED}
2026-05-27 23:05:09 DEBUG by.bsu.fitness.util.TrainingFileReader - Training parsed and added: 54
2026-05-27 23:13:15 INFO  by.bsu.fitness.main.FitnessMain - Application started
2026-05-27 23:13:15 DEBUG by.bsu.fitness.service.impl.NotificationServiceImpl - NotificationServiceImpl created
2026-05-27 23:13:15 DEBUG by.bsu.fitness.service.impl.SubscriptionServiceImpl - SubscriptionServiceImpl created
2026-05-27 23:13:15 DEBUG by.bsu.fitness.service.impl.TrainingServiceImpl - TrainingServiceImpl created
2026-05-27 23:13:15 DEBUG by.bsu.fitness.util.TrainingFileReader - TrainingFileReader created
2026-05-27 23:13:15 DEBUG by.bsu.fitness.entity.Client - Client created: Client{id=1, name='Ксения', phone='+44-111-222-333'}
2026-05-27 23:13:15 DEBUG by.bsu.fitness.entity.Client - Client created: Client{id=2, name='Антон', phone='+44-444-555-666'}
2026-05-27 23:13:15 DEBUG by.bsu.fitness.repository.ClientRepository - Client added: 1 (Ксения)
2026-05-27 23:13:15 DEBUG by.bsu.fitness.repository.ClientRepository - Client added: 2 (Антон)
2026-05-27 23:13:15 DEBUG by.bsu.fitness.observer.ClientObserver - ClientObserver created for client 1 (Ксения)
2026-05-27 23:13:15 DEBUG by.bsu.fitness.observer.TrainingScheduleObservable - Observer added: ClientObserver
2026-05-27 23:13:15 DEBUG by.bsu.fitness.service.impl.NotificationServiceImpl - Client 1 (Ксения) subscribed to notifications
2026-05-27 23:13:15 DEBUG by.bsu.fitness.observer.ClientObserver - ClientObserver created for client 2 (Антон)
2026-05-27 23:13:15 DEBUG by.bsu.fitness.observer.TrainingScheduleObservable - Observer added: ClientObserver
2026-05-27 23:13:15 DEBUG by.bsu.fitness.service.impl.NotificationServiceImpl - Client 2 (Антон) subscribed to notifications
2026-05-27 23:13:15 DEBUG by.bsu.fitness.util.IdGenerator - Generated new id: 1
2026-05-27 23:13:15 DEBUG by.bsu.fitness.entity.Subscription - Subscription created: Subscription{id=1, clientId=1, type=MONTHLY, startDate=2026-05-27, endDate=2026-06-27, state=ACTIVE}
2026-05-27 23:13:15 DEBUG by.bsu.fitness.factory.SubscriptionFactory - Subscription created: Subscription{id=1, clientId=1, type=MONTHLY, startDate=2026-05-27, endDate=2026-06-27, state=ACTIVE}
2026-05-27 23:13:15 DEBUG by.bsu.fitness.validator.SubscriptionValidator - Subscription 1 validated successfully
2026-05-27 23:13:15 DEBUG by.bsu.fitness.repository.SubscriptionRepository - Subscription added: Subscription{id=1, clientId=1, type=MONTHLY, startDate=2026-05-27, endDate=2026-06-27, state=ACTIVE}
2026-05-27 23:13:15 DEBUG by.bsu.fitness.service.impl.SubscriptionServiceImpl - Subscription 1 created and saved
2026-05-27 23:13:15 DEBUG by.bsu.fitness.util.IdGenerator - Generated new id: 2
2026-05-27 23:13:15 DEBUG by.bsu.fitness.entity.Subscription - Subscription created: Subscription{id=2, clientId=2, type=YEARLY, startDate=2026-05-27, endDate=2027-05-27, state=ACTIVE}
2026-05-27 23:13:15 DEBUG by.bsu.fitness.factory.SubscriptionFactory - Subscription created: Subscription{id=2, clientId=2, type=YEARLY, startDate=2026-05-27, endDate=2027-05-27, state=ACTIVE}
2026-05-27 23:13:15 DEBUG by.bsu.fitness.repository.SubscriptionRepository - Subscription added: Subscription{id=2, clientId=2, type=YEARLY, startDate=2026-05-27, endDate=2027-05-27, state=ACTIVE}
2026-05-27 23:13:15 INFO  by.bsu.fitness.main.FitnessMain - Lazy subscription created: Subscription{id=2, clientId=2, type=YEARLY, startDate=2026-05-27, endDate=2027-05-27, state=ACTIVE}
2026-05-27 23:13:15 DEBUG by.bsu.fitness.util.IdGenerator - Generated new id: 3
2026-05-27 23:13:15 DEBUG by.bsu.fitness.entity.Training - Training created: Training{id=3, clientId=1, coachName='Иванов', type=GROUP, dateTime=2026-05-28T23:13:15.930702400, durationMinutes=60, state=PLANNED}
2026-05-27 23:13:15 DEBUG by.bsu.fitness.factory.TrainingBuilder - Training built via Elegant Builder: Training{id=3, clientId=1, coachName='Иванов', type=GROUP, dateTime=2026-05-28T23:13:15.930702400, durationMinutes=60, state=PLANNED}
2026-05-27 23:13:15 DEBUG by.bsu.fitness.util.IdGenerator - Generated new id: 4
2026-05-27 23:13:15 DEBUG by.bsu.fitness.entity.Training - Training created: Training{id=4, clientId=1, coachName='Петров', type=PERSONAL, dateTime=null, durationMinutes=45, state=PLANNED}
2026-05-27 23:13:15 DEBUG by.bsu.fitness.factory.TrainingBuilder - Training built via Elegant Builder: Training{id=4, clientId=1, coachName='Петров', type=PERSONAL, dateTime=null, durationMinutes=45, state=PLANNED}
2026-05-27 23:13:15 INFO  by.bsu.fitness.main.FitnessMain - Training from Supplier: Training{id=4, clientId=1, coachName='Петров', type=PERSONAL, dateTime=null, durationMinutes=45, state=PLANNED}
2026-05-27 23:13:15 DEBUG by.bsu.fitness.validator.TrainingValidator - Training 3 validated successfully
2026-05-27 23:13:15 DEBUG by.bsu.fitness.repository.SubscriptionRepository - Subscription lookup by clientId 1 -> Subscription{id=1, clientId=1, type=MONTHLY, startDate=2026-05-27, endDate=2026-06-27, state=ACTIVE}
2026-05-27 23:13:15 DEBUG by.bsu.fitness.repository.TrainingRepository - Training added: Training{id=3, clientId=1, coachName='Иванов', type=GROUP, dateTime=2026-05-28T23:13:15.930702400, durationMinutes=60, state=PLANNED}
2026-05-27 23:13:15 DEBUG by.bsu.fitness.template.RegistrationTemplate - RegistrationTemplate created for training 3
2026-05-27 23:13:15 DEBUG by.bsu.fitness.template.GroupTrainingRegistration - GroupTrainingRegistration created for training 3
2026-05-27 23:13:15 DEBUG by.bsu.fitness.template.RegistrationTemplate - Starting registration process for training 3
2026-05-27 23:13:15 DEBUG by.bsu.fitness.template.GroupTrainingRegistration - Validating group training 3
2026-05-27 23:13:15 DEBUG by.bsu.fitness.template.GroupTrainingRegistration - Reserving slot for group training 3
2026-05-27 23:13:15 DEBUG by.bsu.fitness.template.RegistrationTemplate - Applying strategy for training 3
2026-05-27 23:13:15 DEBUG by.bsu.fitness.strategy.impl.GroupTrainingStrategy - Executing group training strategy for training 3
2026-05-27 23:13:15 INFO  by.bsu.fitness.strategy.impl.GroupTrainingStrategy - Group training with coach Иванов for client 1
2026-05-27 23:13:15 DEBUG by.bsu.fitness.template.RegistrationTemplate - Notifying observers about training 3
2026-05-27 23:13:15 DEBUG by.bsu.fitness.observer.TrainingScheduleObservable - Notifying 2 observers about training 3
2026-05-27 23:13:15 INFO  by.bsu.fitness.observer.ClientObserver - Client 1 (Ксения) notified about new training: Training{id=3, clientId=1, coachName='Иванов', type=GROUP, dateTime=2026-05-28T23:13:15.930702400, durationMinutes=60, state=PLANNED}
2026-05-27 23:13:15 INFO  by.bsu.fitness.observer.ClientObserver - Client 2 (Антон) notified about new training: Training{id=3, clientId=1, coachName='Иванов', type=GROUP, dateTime=2026-05-28T23:13:15.930702400, durationMinutes=60, state=PLANNED}
2026-05-27 23:13:15 DEBUG by.bsu.fitness.template.RegistrationTemplate - Registration process finished for training 3
2026-05-27 23:13:15 DEBUG by.bsu.fitness.util.TrainingFileReader - Read 11 lines from file resources/data/trainings.txt
2026-05-27 23:13:15 DEBUG by.bsu.fitness.util.TrainingFileReader - Header line skipped: clientId,coachName,type,dateTime,duration,state
2026-05-27 23:13:15 DEBUG by.bsu.fitness.validator.DataValidator - Line validated: 1,Иванов,GROUP,2026-03-01T10:00,60,PLANNED
2026-05-27 23:13:15 DEBUG by.bsu.fitness.util.IdGenerator - Generated new id: 5
2026-05-27 23:13:15 DEBUG by.bsu.fitness.entity.Training - Training created: Training{id=5, clientId=1, coachName='Иванов', type=GROUP, dateTime=2026-03-01T10:00, durationMinutes=60, state=PLANNED}
2026-05-27 23:13:15 DEBUG by.bsu.fitness.factory.TrainingBuilder - Training built: Training{id=5, clientId=1, coachName='Иванов', type=GROUP, dateTime=2026-03-01T10:00, durationMinutes=60, state=PLANNED}
2026-05-27 23:13:15 DEBUG by.bsu.fitness.util.TrainingFileReader - Training parsed and added: 5
2026-05-27 23:13:15 DEBUG by.bsu.fitness.validator.DataValidator - Line validated: 2,Петров,PERSONAL,2026-03-02T12:00,45,PLANNED
2026-05-27 23:13:15 DEBUG by.bsu.fitness.util.IdGenerator - Generated new id: 6
2026-05-27 23:13:15 DEBUG by.bsu.fitness.entity.Training - Training created: Training{id=6, clientId=2, coachName='Петров', type=PERSONAL, dateTime=2026-03-02T12:00, durationMinutes=45, state=PLANNED}
2026-05-27 23:13:15 DEBUG by.bsu.fitness.factory.TrainingBuilder - Training built: Training{id=6, clientId=2, coachName='Петров', type=PERSONAL, dateTime=2026-03-02T12:00, durationMinutes=45, state=PLANNED}
2026-05-27 23:13:15 DEBUG by.bsu.fitness.util.TrainingFileReader - Training parsed and added: 6
2026-05-27 23:13:15 DEBUG by.bsu.fitness.validator.DataValidator - Line validated: 12,Сидоров,PERSONAL,2025-03-10T14:00,60,PLANNED
2026-05-27 23:13:15 DEBUG by.bsu.fitness.util.IdGenerator - Generated new id: 7
2026-05-27 23:13:15 DEBUG by.bsu.fitness.entity.Training - Training created: Training{id=7, clientId=12, coachName='Сидоров', type=PERSONAL, dateTime=2025-03-10T14:00, durationMinutes=60, state=PLANNED}
2026-05-27 23:13:15 DEBUG by.bsu.fitness.factory.TrainingBuilder - Training built: Training{id=7, clientId=12, coachName='Сидоров', type=PERSONAL, dateTime=2025-03-10T14:00, durationMinutes=60, state=PLANNED}
2026-05-27 23:13:15 DEBUG by.bsu.fitness.util.TrainingFileReader - Training parsed and added: 7
2026-05-27 23:13:15 DEBUG by.bsu.fitness.validator.DataValidator - Line validated: 1,Иванов,GROUP,2026-03-05T18:00,90,PLANNED
2026-05-27 23:13:15 DEBUG by.bsu.fitness.util.IdGenerator - Generated new id: 8
2026-05-27 23:13:15 DEBUG by.bsu.fitness.entity.Training - Training created: Training{id=8, clientId=1, coachName='Иванов', type=GROUP, dateTime=2026-03-05T18:00, durationMinutes=90, state=PLANNED}
2026-05-27 23:13:15 DEBUG by.bsu.fitness.factory.TrainingBuilder - Training built: Training{id=8, clientId=1, coachName='Иванов', type=GROUP, dateTime=2026-03-05T18:00, durationMinutes=90, state=PLANNED}
2026-05-27 23:13:15 DEBUG by.bsu.fitness.util.TrainingFileReader - Training parsed and added: 8
2026-05-27 23:13:15 DEBUG by.bsu.fitness.validator.DataValidator - Line validated: 2,Петров,GROUP,2026-03-06T09:00,60,PLANNED
2026-05-27 23:13:15 DEBUG by.bsu.fitness.util.IdGenerator - Generated new id: 9
2026-05-27 23:13:15 DEBUG by.bsu.fitness.entity.Training - Training created: Training{id=9, clientId=2, coachName='Петров', type=GROUP, dateTime=2026-03-06T09:00, durationMinutes=60, state=PLANNED}
2026-05-27 23:13:15 DEBUG by.bsu.fitness.factory.TrainingBuilder - Training built: Training{id=9, clientId=2, coachName='Петров', type=GROUP, dateTime=2026-03-06T09:00, durationMinutes=60, state=PLANNED}
2026-05-27 23:13:15 DEBUG by.bsu.fitness.util.TrainingFileReader - Training parsed and added: 9
2026-05-27 23:13:15 DEBUG by.bsu.fitness.validator.DataValidator - Line validated: 999,Иванов,PERSONAL,2026-03-07T11:00,60,PLANNED
2026-05-27 23:13:15 DEBUG by.bsu.fitness.util.IdGenerator - Generated new id: 10
2026-05-27 23:13:15 DEBUG by.bsu.fitness.entity.Training - Training created: Training{id=10, clientId=999, coachName='Иванов', type=PERSONAL, dateTime=2026-03-07T11:00, durationMinutes=60, state=PLANNED}
2026-05-27 23:13:15 DEBUG by.bsu.fitness.factory.TrainingBuilder - Training built: Training{id=10, clientId=999, coachName='Иванов', type=PERSONAL, dateTime=2026-03-07T11:00, durationMinutes=60, state=PLANNED}
2026-05-27 23:13:15 DEBUG by.bsu.fitness.util.TrainingFileReader - Training parsed and added: 10
2026-05-27 23:13:15 DEBUG by.bsu.fitness.validator.DataValidator - Line validated: 1,Иванов,WRONGTYPE,2026-03-08T10:00,60,PLANNED
2026-05-27 23:13:15 ERROR by.bsu.fitness.util.TrainingFileReader - Failed to parse line: 1,Иванов,WRONGTYPE,2026-03-08T10:00,60,PLANNED
2026-05-27 23:13:15 ERROR by.bsu.fitness.exception.FitnessException - FitnessException created: Invalid training format: 1,Иванов,WRONGTYPE,2026-03-08T10:00,60,PLANNED, cause: java.lang.IllegalArgumentException: No enum constant by.bsu.fitness.entity.TrainingType.WRONGTYPE
2026-05-27 23:13:15 ERROR by.bsu.fitness.exception.ValidationException - ValidationException: Invalid training format: 1,Иванов,WRONGTYPE,2026-03-08T10:00,60,PLANNED, cause: java.lang.IllegalArgumentException: No enum constant by.bsu.fitness.entity.TrainingType.WRONGTYPE
2026-05-27 23:13:15 ERROR by.bsu.fitness.util.TrainingFileReader - Invalid line skipped: FAILED: 1,Иванов,WRONGTYPE,2026-03-08T10:00,60,PLANNED -> Invalid training format: 1,Иванов,WRONGTYPE,2026-03-08T10:00,60,PLANNED
2026-05-27 23:13:15 DEBUG by.bsu.fitness.validator.DataValidator - Line validated: 2,,PERSONAL,2026-03-09T10:00,60,PLANNED
2026-05-27 23:13:15 DEBUG by.bsu.fitness.util.IdGenerator - Generated new id: 11
2026-05-27 23:13:15 DEBUG by.bsu.fitness.entity.Training - Training created: Training{id=11, clientId=2, coachName='', type=PERSONAL, dateTime=2026-03-09T10:00, durationMinutes=60, state=PLANNED}
2026-05-27 23:13:15 DEBUG by.bsu.fitness.factory.TrainingBuilder - Training built: Training{id=11, clientId=2, coachName='', type=PERSONAL, dateTime=2026-03-09T10:00, durationMinutes=60, state=PLANNED}
2026-05-27 23:13:15 DEBUG by.bsu.fitness.util.TrainingFileReader - Training parsed and added: 11
2026-05-27 23:13:15 DEBUG by.bsu.fitness.validator.DataValidator - Line validated: 1,Иванов,GROUP,WRONGDATE,60,PLANNED
2026-05-27 23:13:15 ERROR by.bsu.fitness.util.TrainingFileReader - Failed to parse line: 1,Иванов,GROUP,WRONGDATE,60,PLANNED
2026-05-27 23:13:15 ERROR by.bsu.fitness.exception.FitnessException - FitnessException created: Invalid training format: 1,Иванов,GROUP,WRONGDATE,60,PLANNED, cause: java.time.format.DateTimeParseException: Text 'WRONGDATE' could not be parsed at index 0
2026-05-27 23:13:15 ERROR by.bsu.fitness.exception.ValidationException - ValidationException: Invalid training format: 1,Иванов,GROUP,WRONGDATE,60,PLANNED, cause: java.time.format.DateTimeParseException: Text 'WRONGDATE' could not be parsed at index 0
2026-05-27 23:13:15 ERROR by.bsu.fitness.util.TrainingFileReader - Invalid line skipped: FAILED: 1,Иванов,GROUP,WRONGDATE,60,PLANNED -> Invalid training format: 1,Иванов,GROUP,WRONGDATE,60,PLANNED
2026-05-27 23:13:15 DEBUG by.bsu.fitness.validator.DataValidator - Line validated: 1,Иванов,GROUP,2026-03-10T10:00,-30,PLANNED
2026-05-27 23:13:15 DEBUG by.bsu.fitness.util.IdGenerator - Generated new id: 12
2026-05-27 23:13:15 DEBUG by.bsu.fitness.entity.Training - Training created: Training{id=12, clientId=1, coachName='Иванов', type=GROUP, dateTime=2026-03-10T10:00, durationMinutes=-30, state=PLANNED}
2026-05-27 23:13:15 DEBUG by.bsu.fitness.factory.TrainingBuilder - Training built: Training{id=12, clientId=1, coachName='Иванов', type=GROUP, dateTime=2026-03-10T10:00, durationMinutes=-30, state=PLANNED}
2026-05-27 23:13:15 DEBUG by.bsu.fitness.util.TrainingFileReader - Training parsed and added: 12
2026-05-27 23:13:15 DEBUG by.bsu.fitness.validator.TrainingValidator - Training 5 validated successfully
2026-05-27 23:13:15 DEBUG by.bsu.fitness.repository.SubscriptionRepository - Subscription lookup by clientId 1 -> Subscription{id=1, clientId=1, type=MONTHLY, startDate=2026-05-27, endDate=2026-06-27, state=ACTIVE}
2026-05-27 23:13:15 DEBUG by.bsu.fitness.repository.TrainingRepository - Training added: Training{id=5, clientId=1, coachName='Иванов', type=GROUP, dateTime=2026-03-01T10:00, durationMinutes=60, state=PLANNED}
2026-05-27 23:13:15 DEBUG by.bsu.fitness.template.RegistrationTemplate - RegistrationTemplate created for training 5
2026-05-27 23:13:15 DEBUG by.bsu.fitness.template.GroupTrainingRegistration - GroupTrainingRegistration created for training 5
2026-05-27 23:13:15 DEBUG by.bsu.fitness.template.RegistrationTemplate - Starting registration process for training 5
2026-05-27 23:13:15 DEBUG by.bsu.fitness.template.GroupTrainingRegistration - Validating group training 5
2026-05-27 23:13:15 DEBUG by.bsu.fitness.template.GroupTrainingRegistration - Reserving slot for group training 5
2026-05-27 23:13:15 DEBUG by.bsu.fitness.template.RegistrationTemplate - Applying strategy for training 5
2026-05-27 23:13:15 DEBUG by.bsu.fitness.strategy.impl.GroupTrainingStrategy - Executing group training strategy for training 5
2026-05-27 23:13:15 INFO  by.bsu.fitness.strategy.impl.GroupTrainingStrategy - Group training with coach Иванов for client 1
2026-05-27 23:13:15 DEBUG by.bsu.fitness.template.RegistrationTemplate - Notifying observers about training 5
2026-05-27 23:13:15 DEBUG by.bsu.fitness.observer.TrainingScheduleObservable - Notifying 2 observers about training 5
2026-05-27 23:13:15 INFO  by.bsu.fitness.observer.ClientObserver - Client 1 (Ксения) notified about new training: Training{id=5, clientId=1, coachName='Иванов', type=GROUP, dateTime=2026-03-01T10:00, durationMinutes=60, state=PLANNED}
2026-05-27 23:13:15 INFO  by.bsu.fitness.observer.ClientObserver - Client 2 (Антон) notified about new training: Training{id=5, clientId=1, coachName='Иванов', type=GROUP, dateTime=2026-03-01T10:00, durationMinutes=60, state=PLANNED}
2026-05-27 23:13:15 DEBUG by.bsu.fitness.template.RegistrationTemplate - Registration process finished for training 5
2026-05-27 23:13:15 DEBUG by.bsu.fitness.validator.TrainingValidator - Training 6 validated successfully
2026-05-27 23:13:15 DEBUG by.bsu.fitness.repository.SubscriptionRepository - Subscription lookup by clientId 2 -> Subscription{id=2, clientId=2, type=YEARLY, startDate=2026-05-27, endDate=2027-05-27, state=ACTIVE}
2026-05-27 23:13:15 DEBUG by.bsu.fitness.repository.TrainingRepository - Training added: Training{id=6, clientId=2, coachName='Петров', type=PERSONAL, dateTime=2026-03-02T12:00, durationMinutes=45, state=PLANNED}
2026-05-27 23:13:15 DEBUG by.bsu.fitness.template.RegistrationTemplate - RegistrationTemplate created for training 6
2026-05-27 23:13:15 DEBUG by.bsu.fitness.template.PersonalTrainingRegistration - PersonalTrainingRegistration created for training 6
2026-05-27 23:13:15 DEBUG by.bsu.fitness.template.RegistrationTemplate - Starting registration process for training 6
2026-05-27 23:13:15 DEBUG by.bsu.fitness.template.PersonalTrainingRegistration - Validating personal training 6
2026-05-27 23:13:15 DEBUG by.bsu.fitness.template.PersonalTrainingRegistration - Reserving slot for personal training 6
2026-05-27 23:13:15 DEBUG by.bsu.fitness.template.RegistrationTemplate - Applying strategy for training 6
2026-05-27 23:13:15 DEBUG by.bsu.fitness.strategy.impl.PersonalTrainingStrategy - Executing personal training strategy for training 6
2026-05-27 23:13:15 INFO  by.bsu.fitness.strategy.impl.PersonalTrainingStrategy - Personal training with coach Петров for client 2
2026-05-27 23:13:15 DEBUG by.bsu.fitness.template.RegistrationTemplate - Notifying observers about training 6
2026-05-27 23:13:15 DEBUG by.bsu.fitness.observer.TrainingScheduleObservable - Notifying 2 observers about training 6
2026-05-27 23:13:15 INFO  by.bsu.fitness.observer.ClientObserver - Client 1 (Ксения) notified about new training: Training{id=6, clientId=2, coachName='Петров', type=PERSONAL, dateTime=2026-03-02T12:00, durationMinutes=45, state=PLANNED}
2026-05-27 23:13:15 INFO  by.bsu.fitness.observer.ClientObserver - Client 2 (Антон) notified about new training: Training{id=6, clientId=2, coachName='Петров', type=PERSONAL, dateTime=2026-03-02T12:00, durationMinutes=45, state=PLANNED}
2026-05-27 23:13:15 DEBUG by.bsu.fitness.template.RegistrationTemplate - Registration process finished for training 6
2026-05-27 23:13:15 DEBUG by.bsu.fitness.validator.TrainingValidator - Training 7 validated successfully
2026-05-27 23:13:15 DEBUG by.bsu.fitness.repository.SubscriptionRepository - Subscription lookup by clientId 12 -> null
2026-05-27 23:13:15 ERROR by.bsu.fitness.exception.FitnessException - FitnessException created: No subscription for client 12
2026-05-27 23:13:15 ERROR by.bsu.fitness.exception.ServiceException - ServiceException: No subscription for client 12
2026-05-27 23:13:15 DEBUG by.bsu.fitness.validator.TrainingValidator - Training 8 validated successfully
2026-05-27 23:13:15 DEBUG by.bsu.fitness.repository.SubscriptionRepository - Subscription lookup by clientId 1 -> Subscription{id=1, clientId=1, type=MONTHLY, startDate=2026-05-27, endDate=2026-06-27, state=ACTIVE}
2026-05-27 23:13:15 DEBUG by.bsu.fitness.repository.TrainingRepository - Training added: Training{id=8, clientId=1, coachName='Иванов', type=GROUP, dateTime=2026-03-05T18:00, durationMinutes=90, state=PLANNED}
2026-05-27 23:13:15 DEBUG by.bsu.fitness.template.RegistrationTemplate - RegistrationTemplate created for training 8
2026-05-27 23:13:15 DEBUG by.bsu.fitness.template.GroupTrainingRegistration - GroupTrainingRegistration created for training 8
2026-05-27 23:13:15 DEBUG by.bsu.fitness.template.RegistrationTemplate - Starting registration process for training 8
2026-05-27 23:13:15 DEBUG by.bsu.fitness.template.GroupTrainingRegistration - Validating group training 8
2026-05-27 23:13:15 DEBUG by.bsu.fitness.template.GroupTrainingRegistration - Reserving slot for group training 8
2026-05-27 23:13:15 DEBUG by.bsu.fitness.template.RegistrationTemplate - Applying strategy for training 8
2026-05-27 23:13:15 DEBUG by.bsu.fitness.strategy.impl.GroupTrainingStrategy - Executing group training strategy for training 8
2026-05-27 23:13:15 INFO  by.bsu.fitness.strategy.impl.GroupTrainingStrategy - Group training with coach Иванов for client 1
2026-05-27 23:13:15 DEBUG by.bsu.fitness.template.RegistrationTemplate - Notifying observers about training 8
2026-05-27 23:13:15 DEBUG by.bsu.fitness.observer.TrainingScheduleObservable - Notifying 2 observers about training 8
2026-05-27 23:13:15 INFO  by.bsu.fitness.observer.ClientObserver - Client 1 (Ксения) notified about new training: Training{id=8, clientId=1, coachName='Иванов', type=GROUP, dateTime=2026-03-05T18:00, durationMinutes=90, state=PLANNED}
2026-05-27 23:13:15 INFO  by.bsu.fitness.observer.ClientObserver - Client 2 (Антон) notified about new training: Training{id=8, clientId=1, coachName='Иванов', type=GROUP, dateTime=2026-03-05T18:00, durationMinutes=90, state=PLANNED}
2026-05-27 23:13:15 DEBUG by.bsu.fitness.template.RegistrationTemplate - Registration process finished for training 8
2026-05-27 23:13:15 DEBUG by.bsu.fitness.validator.TrainingValidator - Training 9 validated successfully
2026-05-27 23:13:15 DEBUG by.bsu.fitness.repository.SubscriptionRepository - Subscription lookup by clientId 2 -> Subscription{id=2, clientId=2, type=YEARLY, startDate=2026-05-27, endDate=2027-05-27, state=ACTIVE}
2026-05-27 23:13:15 DEBUG by.bsu.fitness.repository.TrainingRepository - Training added: Training{id=9, clientId=2, coachName='Петров', type=GROUP, dateTime=2026-03-06T09:00, durationMinutes=60, state=PLANNED}
2026-05-27 23:13:15 DEBUG by.bsu.fitness.template.RegistrationTemplate - RegistrationTemplate created for training 9
2026-05-27 23:13:15 DEBUG by.bsu.fitness.template.GroupTrainingRegistration - GroupTrainingRegistration created for training 9
2026-05-27 23:13:15 DEBUG by.bsu.fitness.template.RegistrationTemplate - Starting registration process for training 9
2026-05-27 23:13:15 DEBUG by.bsu.fitness.template.GroupTrainingRegistration - Validating group training 9
2026-05-27 23:13:15 DEBUG by.bsu.fitness.template.GroupTrainingRegistration - Reserving slot for group training 9
2026-05-27 23:13:15 DEBUG by.bsu.fitness.template.RegistrationTemplate - Applying strategy for training 9
2026-05-27 23:13:15 DEBUG by.bsu.fitness.strategy.impl.GroupTrainingStrategy - Executing group training strategy for training 9
2026-05-27 23:13:15 INFO  by.bsu.fitness.strategy.impl.GroupTrainingStrategy - Group training with coach Петров for client 2
2026-05-27 23:13:15 DEBUG by.bsu.fitness.template.RegistrationTemplate - Notifying observers about training 9
2026-05-27 23:13:15 DEBUG by.bsu.fitness.observer.TrainingScheduleObservable - Notifying 2 observers about training 9
2026-05-27 23:13:15 INFO  by.bsu.fitness.observer.ClientObserver - Client 1 (Ксения) notified about new training: Training{id=9, clientId=2, coachName='Петров', type=GROUP, dateTime=2026-03-06T09:00, durationMinutes=60, state=PLANNED}
2026-05-27 23:13:15 INFO  by.bsu.fitness.observer.ClientObserver - Client 2 (Антон) notified about new training: Training{id=9, clientId=2, coachName='Петров', type=GROUP, dateTime=2026-03-06T09:00, durationMinutes=60, state=PLANNED}
2026-05-27 23:13:15 DEBUG by.bsu.fitness.template.RegistrationTemplate - Registration process finished for training 9
2026-05-27 23:13:15 DEBUG by.bsu.fitness.validator.TrainingValidator - Training 10 validated successfully
2026-05-27 23:13:15 DEBUG by.bsu.fitness.repository.SubscriptionRepository - Subscription lookup by clientId 999 -> null
2026-05-27 23:13:15 ERROR by.bsu.fitness.exception.FitnessException - FitnessException created: No subscription for client 999
2026-05-27 23:13:15 ERROR by.bsu.fitness.exception.ServiceException - ServiceException: No subscription for client 999
2026-05-27 23:13:15 ERROR by.bsu.fitness.validator.TrainingValidator - Coach name is empty
2026-05-27 23:13:15 ERROR by.bsu.fitness.exception.FitnessException - FitnessException created: Training validation failed
2026-05-27 23:13:15 ERROR by.bsu.fitness.exception.ServiceException - ServiceException: Training validation failed
2026-05-27 23:13:15 ERROR by.bsu.fitness.validator.TrainingValidator - Invalid duration: -30
2026-05-27 23:13:15 ERROR by.bsu.fitness.exception.FitnessException - FitnessException created: Training validation failed
2026-05-27 23:13:15 ERROR by.bsu.fitness.exception.ServiceException - ServiceException: Training validation failed
2026-05-27 23:13:15 INFO  by.bsu.fitness.main.FitnessMain - Result written to D:\Study\University\2st year\4_sem\java\fitness-club\output\result.txt
2026-05-27 23:13:15 INFO  by.bsu.fitness.main.FitnessMain - Application finished successfully
2026-05-27 23:16:16 DEBUG by.bsu.fitness.util.IdGenerator - Generated new id: 1
2026-05-27 23:16:16 DEBUG by.bsu.fitness.entity.Training - Training created: Training{id=1, clientId=1, coachName='', type=GROUP, dateTime=2026-06-01T10:00, durationMinutes=60, state=PLANNED}
2026-05-27 23:16:16 DEBUG by.bsu.fitness.factory.TrainingBuilder - Training built: Training{id=1, clientId=1, coachName='', type=GROUP, dateTime=2026-06-01T10:00, durationMinutes=60, state=PLANNED}
2026-05-27 23:16:16 ERROR by.bsu.fitness.validator.TrainingValidator - Coach name is empty
2026-05-27 23:16:16 DEBUG by.bsu.fitness.util.IdGenerator - Generated new id: 2
2026-05-27 23:16:16 DEBUG by.bsu.fitness.entity.Training - Training created: Training{id=2, clientId=-1, coachName='Иванов', type=GROUP, dateTime=2026-06-01T10:00, durationMinutes=60, state=PLANNED}
2026-05-27 23:16:16 DEBUG by.bsu.fitness.factory.TrainingBuilder - Training built: Training{id=2, clientId=-1, coachName='Иванов', type=GROUP, dateTime=2026-06-01T10:00, durationMinutes=60, state=PLANNED}
2026-05-27 23:16:16 ERROR by.bsu.fitness.validator.TrainingValidator - Invalid clientId: -1
2026-05-27 23:16:16 DEBUG by.bsu.fitness.util.IdGenerator - Generated new id: 3
2026-05-27 23:16:16 DEBUG by.bsu.fitness.entity.Training - Training created: Training{id=3, clientId=1, coachName='Иванов', type=GROUP, dateTime=2026-06-01T10:00, durationMinutes=-10, state=PLANNED}
2026-05-27 23:16:16 DEBUG by.bsu.fitness.factory.TrainingBuilder - Training built: Training{id=3, clientId=1, coachName='Иванов', type=GROUP, dateTime=2026-06-01T10:00, durationMinutes=-10, state=PLANNED}
2026-05-27 23:16:16 ERROR by.bsu.fitness.validator.TrainingValidator - Invalid duration: -10
2026-05-27 23:16:16 DEBUG by.bsu.fitness.entity.Training - Training created: Training{id=1, clientId=1, coachName='null', type=GROUP, dateTime=2026-06-01T10:00, durationMinutes=60, state=PLANNED}
2026-05-27 23:16:16 ERROR by.bsu.fitness.validator.TrainingValidator - Coach name is empty
2026-05-27 23:16:16 ERROR by.bsu.fitness.validator.TrainingValidator - Training is null
2026-05-27 23:16:16 DEBUG by.bsu.fitness.util.IdGenerator - Generated new id: 4
2026-05-27 23:16:16 DEBUG by.bsu.fitness.entity.Training - Training created: Training{id=4, clientId=1, coachName='Иванов', type=GROUP, dateTime=2026-06-01T10:00, durationMinutes=60, state=PLANNED}
2026-05-27 23:16:16 DEBUG by.bsu.fitness.factory.TrainingBuilder - Training built: Training{id=4, clientId=1, coachName='Иванов', type=GROUP, dateTime=2026-06-01T10:00, durationMinutes=60, state=PLANNED}
2026-05-27 23:16:16 DEBUG by.bsu.fitness.validator.TrainingValidator - Training 4 validated successfully
2026-05-27 23:16:16 DEBUG by.bsu.fitness.util.IdGenerator - Generated new id: 5
2026-05-27 23:16:16 DEBUG by.bsu.fitness.entity.Training - Training created: Training{id=5, clientId=0, coachName='Иванов', type=GROUP, dateTime=2026-06-01T10:00, durationMinutes=60, state=PLANNED}
2026-05-27 23:16:16 DEBUG by.bsu.fitness.factory.TrainingBuilder - Training built: Training{id=5, clientId=0, coachName='Иванов', type=GROUP, dateTime=2026-06-01T10:00, durationMinutes=60, state=PLANNED}
2026-05-27 23:16:16 ERROR by.bsu.fitness.validator.TrainingValidator - Invalid clientId: 0
2026-05-27 23:16:16 DEBUG by.bsu.fitness.util.IdGenerator - Generated new id: 6
2026-05-27 23:16:16 DEBUG by.bsu.fitness.entity.Training - Training created: Training{id=6, clientId=1, coachName='Иванов', type=GROUP, dateTime=2026-06-01T10:00, durationMinutes=0, state=PLANNED}
2026-05-27 23:16:16 DEBUG by.bsu.fitness.factory.TrainingBuilder - Training built: Training{id=6, clientId=1, coachName='Иванов', type=GROUP, dateTime=2026-06-01T10:00, durationMinutes=0, state=PLANNED}
2026-05-27 23:16:16 ERROR by.bsu.fitness.validator.TrainingValidator - Invalid duration: 0
2026-05-27 23:16:16 DEBUG by.bsu.fitness.entity.Training - Training created: Training{id=1, clientId=5, coachName='Coach Smith', type=GROUP, dateTime=2026-06-01T10:00, durationMinutes=60, state=PLANNED}
2026-05-27 23:16:16 DEBUG by.bsu.fitness.specification.TrainingByClientIdSpecification - TrainingByClientIdSpecification created with clientId=99
2026-05-27 23:16:16 DEBUG by.bsu.fitness.specification.TrainingByClientIdSpecification - Matching training 1 by clientId 99 -> false
2026-05-27 23:16:16 DEBUG by.bsu.fitness.entity.Training - Training created: Training{id=1, clientId=5, coachName='Coach Smith', type=GROUP, dateTime=2026-06-01T10:00, durationMinutes=60, state=PLANNED}
2026-05-27 23:16:16 DEBUG by.bsu.fitness.specification.TrainingByClientIdSpecification - TrainingByClientIdSpecification created with clientId=5
2026-05-27 23:16:16 DEBUG by.bsu.fitness.specification.TrainingByClientIdSpecification - Matching training 1 by clientId 5 -> true
2026-05-27 23:16:16 DEBUG by.bsu.fitness.entity.Training - Training created: Training{id=1, clientId=5, coachName='Coach Smith', type=GROUP, dateTime=2026-06-01T10:00, durationMinutes=60, state=PLANNED}
2026-05-27 23:16:16 DEBUG by.bsu.fitness.specification.TrainingByCoachNameSpecification - TrainingByCoachNameSpecification created with coachName=Wrong Coach
2026-05-27 23:16:16 DEBUG by.bsu.fitness.specification.TrainingByCoachNameSpecification - Matching training 1 by coachName Wrong Coach -> false
2026-05-27 23:16:16 DEBUG by.bsu.fitness.entity.Training - Training created: Training{id=1, clientId=5, coachName='Coach Smith', type=GROUP, dateTime=2026-06-01T10:00, durationMinutes=60, state=PLANNED}
2026-05-27 23:16:16 DEBUG by.bsu.fitness.specification.TrainingByCoachNameSpecification - TrainingByCoachNameSpecification created with coachName=Coach Smith
2026-05-27 23:16:16 DEBUG by.bsu.fitness.specification.TrainingByCoachNameSpecification - Matching training 1 by coachName Coach Smith -> true
2026-05-27 23:16:16 DEBUG by.bsu.fitness.entity.Training - Training created: Training{id=1, clientId=5, coachName='Coach Smith', type=GROUP, dateTime=2026-06-01T10:00, durationMinutes=60, state=PLANNED}
2026-05-27 23:16:16 DEBUG by.bsu.fitness.specification.TrainingByDateSpecification - TrainingByDateSpecification created with date=2025-01-01
2026-05-27 23:16:16 DEBUG by.bsu.fitness.specification.TrainingByDateSpecification - Matching training 1 by date 2025-01-01 -> false
2026-05-27 23:16:16 DEBUG by.bsu.fitness.entity.Training - Training created: Training{id=1, clientId=5, coachName='Coach Smith', type=GROUP, dateTime=2026-06-01T10:00, durationMinutes=60, state=PLANNED}
2026-05-27 23:16:16 DEBUG by.bsu.fitness.specification.TrainingByDateSpecification - TrainingByDateSpecification created with date=2026-06-01
2026-05-27 23:16:16 DEBUG by.bsu.fitness.specification.TrainingByDateSpecification - Matching training 1 by date 2026-06-01 -> true
2026-05-27 23:16:16 DEBUG by.bsu.fitness.entity.Training - Training created: Training{id=1, clientId=5, coachName='Coach Smith', type=GROUP, dateTime=2026-06-01T10:00, durationMinutes=60, state=PLANNED}
2026-05-27 23:16:16 DEBUG by.bsu.fitness.specification.TrainingByDurationSpecification - TrainingByDurationSpecification created with duration=90
2026-05-27 23:16:16 DEBUG by.bsu.fitness.specification.TrainingByDurationSpecification - Matching training 1 by duration 90 -> false
2026-05-27 23:16:16 DEBUG by.bsu.fitness.entity.Training - Training created: Training{id=1, clientId=5, coachName='Coach Smith', type=GROUP, dateTime=2026-06-01T10:00, durationMinutes=60, state=PLANNED}
2026-05-27 23:16:16 DEBUG by.bsu.fitness.specification.TrainingByDurationSpecification - TrainingByDurationSpecification created with duration=60
2026-05-27 23:16:16 DEBUG by.bsu.fitness.specification.TrainingByDurationSpecification - Matching training 1 by duration 60 -> true
2026-05-27 23:16:16 DEBUG by.bsu.fitness.entity.Training - Training created: Training{id=1, clientId=5, coachName='Coach Smith', type=GROUP, dateTime=2026-06-01T10:00, durationMinutes=60, state=PLANNED}
2026-05-27 23:16:16 DEBUG by.bsu.fitness.specification.TrainingByTypeSpecification - TrainingByTypeSpecification created with type=PERSONAL
2026-05-27 23:16:16 DEBUG by.bsu.fitness.specification.TrainingByTypeSpecification - Matching training 1 by type PERSONAL -> false
2026-05-27 23:16:16 DEBUG by.bsu.fitness.entity.Training - Training created: Training{id=1, clientId=5, coachName='Coach Smith', type=GROUP, dateTime=2026-06-01T10:00, durationMinutes=60, state=PLANNED}
2026-05-27 23:16:16 DEBUG by.bsu.fitness.specification.TrainingByTypeSpecification - TrainingByTypeSpecification created with type=GROUP
2026-05-27 23:16:16 DEBUG by.bsu.fitness.specification.TrainingByTypeSpecification - Matching training 1 by type GROUP -> true
2026-05-27 23:16:16 DEBUG by.bsu.fitness.entity.Training - Training created: Training{id=1, clientId=1, coachName='Coach', type=GROUP, dateTime=2026-06-01T10:00, durationMinutes=60, state=PLANNED}
2026-05-27 23:16:16 DEBUG by.bsu.fitness.repository.TrainingRepository - Training added: Training{id=1, clientId=1, coachName='Coach', type=GROUP, dateTime=2026-06-01T10:00, durationMinutes=60, state=PLANNED}
2026-05-27 23:16:16 DEBUG by.bsu.fitness.repository.TrainingRepository - Returning all trainings, count=1
2026-05-27 23:16:16 ERROR by.bsu.fitness.repository.TrainingRepository - Attempt to add null training
2026-05-27 23:16:16 ERROR by.bsu.fitness.exception.FitnessException - FitnessException created: Training cannot be null
2026-05-27 23:16:16 ERROR by.bsu.fitness.exception.RepositoryException - RepositoryException: Training cannot be null
2026-05-27 23:16:16 DEBUG by.bsu.fitness.entity.Training - Training created: Training{id=1, clientId=1, coachName='Coach', type=GROUP, dateTime=2026-06-01T10:00, durationMinutes=60, state=PLANNED}
2026-05-27 23:16:16 DEBUG by.bsu.fitness.repository.TrainingRepository - Training added: Training{id=1, clientId=1, coachName='Coach', type=GROUP, dateTime=2026-06-01T10:00, durationMinutes=60, state=PLANNED}
2026-05-27 23:16:16 DEBUG by.bsu.fitness.entity.Training - Training created: Training{id=2, clientId=2, coachName='Other', type=PERSONAL, dateTime=2026-06-01T10:00, durationMinutes=45, state=PLANNED}
2026-05-27 23:16:16 DEBUG by.bsu.fitness.repository.TrainingRepository - Training added: Training{id=2, clientId=2, coachName='Other', type=PERSONAL, dateTime=2026-06-01T10:00, durationMinutes=45, state=PLANNED}
2026-05-27 23:16:16 DEBUG by.bsu.fitness.repository.TrainingRepository - Returning all trainings, count=2
2026-05-27 23:16:16 DEBUG by.bsu.fitness.repository.TrainingRepository - Returning all trainings, count=0
2026-05-27 23:16:16 DEBUG by.bsu.fitness.entity.Training - Training created: Training{id=1, clientId=1, coachName='Coach', type=GROUP, dateTime=2026-06-01T10:00, durationMinutes=60, state=PLANNED}
2026-05-27 23:16:16 DEBUG by.bsu.fitness.repository.TrainingRepository - Training added: Training{id=1, clientId=1, coachName='Coach', type=GROUP, dateTime=2026-06-01T10:00, durationMinutes=60, state=PLANNED}
2026-05-27 23:16:16 DEBUG by.bsu.fitness.repository.TrainingRepository - Returning all trainings, count=1
2026-05-27 23:16:16 DEBUG by.bsu.fitness.repository.TrainingRepository - Returning all trainings, count=1
2026-05-27 23:16:16 DEBUG by.bsu.fitness.entity.Training - Training created: Training{id=1, clientId=1, coachName='Coach', type=GROUP, dateTime=2026-06-01T10:00, durationMinutes=60, state=PLANNED}
2026-05-27 23:16:16 DEBUG by.bsu.fitness.repository.TrainingRepository - Training added: Training{id=1, clientId=1, coachName='Coach', type=GROUP, dateTime=2026-06-01T10:00, durationMinutes=60, state=PLANNED}
2026-05-27 23:16:16 DEBUG by.bsu.fitness.specification.TrainingByClientIdSpecification - TrainingByClientIdSpecification created with clientId=1
2026-05-27 23:16:16 DEBUG by.bsu.fitness.specification.TrainingByClientIdSpecification - Matching training 1 by clientId 1 -> true
2026-05-27 23:16:16 DEBUG by.bsu.fitness.repository.TrainingRepository - Query result size: 1
2026-05-27 23:16:16 DEBUG by.bsu.fitness.entity.Training - Training created: Training{id=1, clientId=1, coachName='Coach', type=GROUP, dateTime=2026-06-01T10:00, durationMinutes=60, state=PLANNED}
2026-05-27 23:16:16 DEBUG by.bsu.fitness.repository.TrainingRepository - Training added: Training{id=1, clientId=1, coachName='Coach', type=GROUP, dateTime=2026-06-01T10:00, durationMinutes=60, state=PLANNED}
2026-05-27 23:16:16 DEBUG by.bsu.fitness.entity.Training - Training created: Training{id=2, clientId=2, coachName='Coach', type=GROUP, dateTime=2026-06-01T10:00, durationMinutes=60, state=PLANNED}
2026-05-27 23:16:16 DEBUG by.bsu.fitness.repository.TrainingRepository - Training added: Training{id=2, clientId=2, coachName='Coach', type=GROUP, dateTime=2026-06-01T10:00, durationMinutes=60, state=PLANNED}
2026-05-27 23:16:16 DEBUG by.bsu.fitness.specification.TrainingByClientIdSpecification - TrainingByClientIdSpecification created with clientId=1
2026-05-27 23:16:16 DEBUG by.bsu.fitness.specification.TrainingByClientIdSpecification - Matching training 1 by clientId 1 -> true
2026-05-27 23:16:16 DEBUG by.bsu.fitness.specification.TrainingByClientIdSpecification - Matching training 2 by clientId 1 -> false
2026-05-27 23:16:16 DEBUG by.bsu.fitness.repository.TrainingRepository - Query result size: 1
2026-05-27 23:16:16 DEBUG by.bsu.fitness.entity.Training - Training created: Training{id=1, clientId=1, coachName='Coach', type=GROUP, dateTime=2026-06-01T10:00, durationMinutes=60, state=PLANNED}
2026-05-27 23:16:16 DEBUG by.bsu.fitness.repository.TrainingRepository - Training added: Training{id=1, clientId=1, coachName='Coach', type=GROUP, dateTime=2026-06-01T10:00, durationMinutes=60, state=PLANNED}
2026-05-27 23:16:16 DEBUG by.bsu.fitness.specification.TrainingByClientIdSpecification - TrainingByClientIdSpecification created with clientId=999
2026-05-27 23:16:16 DEBUG by.bsu.fitness.specification.TrainingByClientIdSpecification - Matching training 1 by clientId 999 -> false
2026-05-27 23:16:16 DEBUG by.bsu.fitness.repository.TrainingRepository - Query result size: 0
2026-05-27 23:16:16 DEBUG by.bsu.fitness.entity.Training - Training created: Training{id=1, clientId=1, coachName='Coach', type=GROUP, dateTime=2026-06-01T10:00, durationMinutes=90, state=PLANNED}
2026-05-27 23:16:16 DEBUG by.bsu.fitness.repository.TrainingRepository - Training added: Training{id=1, clientId=1, coachName='Coach', type=GROUP, dateTime=2026-06-01T10:00, durationMinutes=90, state=PLANNED}
2026-05-27 23:16:16 DEBUG by.bsu.fitness.entity.Training - Training created: Training{id=2, clientId=1, coachName='Coach', type=GROUP, dateTime=2026-06-01T10:00, durationMinutes=30, state=PLANNED}
2026-05-27 23:16:16 DEBUG by.bsu.fitness.repository.TrainingRepository - Training added: Training{id=2, clientId=1, coachName='Coach', type=GROUP, dateTime=2026-06-01T10:00, durationMinutes=30, state=PLANNED}
2026-05-27 23:16:16 DEBUG by.bsu.fitness.repository.TrainingRepository - Trainings sorted, count=2
2026-05-27 23:16:16 DEBUG by.bsu.fitness.entity.Training - Training created: Training{id=1, clientId=1, coachName='Coach', type=GROUP, dateTime=2026-06-01T10:00, durationMinutes=30, state=PLANNED}
2026-05-27 23:16:16 DEBUG by.bsu.fitness.repository.TrainingRepository - Training added: Training{id=1, clientId=1, coachName='Coach', type=GROUP, dateTime=2026-06-01T10:00, durationMinutes=30, state=PLANNED}
2026-05-27 23:16:16 DEBUG by.bsu.fitness.entity.Training - Training created: Training{id=2, clientId=1, coachName='Coach', type=GROUP, dateTime=2026-06-01T10:00, durationMinutes=90, state=PLANNED}
2026-05-27 23:16:16 DEBUG by.bsu.fitness.repository.TrainingRepository - Training added: Training{id=2, clientId=1, coachName='Coach', type=GROUP, dateTime=2026-06-01T10:00, durationMinutes=90, state=PLANNED}
2026-05-27 23:16:16 DEBUG by.bsu.fitness.repository.TrainingRepository - Trainings sorted, count=2
2026-05-27 23:16:16 DEBUG by.bsu.fitness.entity.Client - Client created: Client{id=1, name='Ксения', phone='+375-11-111-11-11'}
2026-05-27 23:16:16 DEBUG by.bsu.fitness.observer.ClientObserver - ClientObserver created for client 1 (Ксения)
2026-05-27 23:16:16 DEBUG by.bsu.fitness.entity.Client - Client created: Client{id=1, name='Ксения', phone='+375-11-111-11-11'}
2026-05-27 23:16:16 DEBUG by.bsu.fitness.observer.ClientObserver - ClientObserver created for client 1 (Ксения)
2026-05-27 23:16:16 DEBUG by.bsu.fitness.entity.Client - Client created: Client{id=1, name='Ксения', phone='+375-11-111-11-11'}
2026-05-27 23:16:16 DEBUG by.bsu.fitness.observer.ClientObserver - ClientObserver created for client 1 (Ксения)
2026-05-27 23:16:16 DEBUG by.bsu.fitness.entity.Client - Client created: Client{id=1, name='Ксения', phone='+375-11-111-11-11'}
2026-05-27 23:16:16 DEBUG by.bsu.fitness.observer.ClientObserver - ClientObserver created for client 1 (Ксения)
2026-05-27 23:16:16 DEBUG by.bsu.fitness.entity.Client - Client created: Client{id=1, name='Ксения', phone='+375-11-111-11-11'}
2026-05-27 23:16:16 DEBUG by.bsu.fitness.observer.ClientObserver - ClientObserver created for client 1 (Ксения)
2026-05-27 23:16:16 DEBUG by.bsu.fitness.entity.Client - Client created: Client{id=1, name='Ксения', phone='+375-11-111-11-11'}
2026-05-27 23:16:16 DEBUG by.bsu.fitness.observer.ClientObserver - ClientObserver created for client 1 (Ксения)
2026-05-27 23:16:16 DEBUG by.bsu.fitness.entity.Training - Training created: Training{id=1, clientId=1, coachName='Coach', type=GROUP, dateTime=2026-06-01T10:00, durationMinutes=60, state=PLANNED}
2026-05-27 23:16:16 INFO  by.bsu.fitness.observer.ClientObserver - Client 1 (Ксения) notified about new training: Training{id=1, clientId=1, coachName='Coach', type=GROUP, dateTime=2026-06-01T10:00, durationMinutes=60, state=PLANNED}
2026-05-27 23:16:16 DEBUG by.bsu.fitness.entity.Training - Training created: Training{id=1, clientId=1, coachName='Coach', type=GROUP, dateTime=2026-06-01T10:00, durationMinutes=60, state=PLANNED}
2026-05-27 23:16:16 DEBUG by.bsu.fitness.observer.TrainingScheduleObservable - Notifying 0 observers about training 1
2026-05-27 23:16:16 DEBUG by.bsu.fitness.entity.Training - Training created: Training{id=1, clientId=1, coachName='Coach', type=GROUP, dateTime=2026-06-01T10:00, durationMinutes=60, state=PLANNED}
2026-05-27 23:16:16 DEBUG by.bsu.fitness.observer.TrainingScheduleObservable - Observer added: TrainingScheduleObservableTest$$Lambda/0x00000292011a9d28
2026-05-27 23:16:16 DEBUG by.bsu.fitness.observer.TrainingScheduleObservable - Notifying 1 observers about training 1
2026-05-27 23:16:16 DEBUG by.bsu.fitness.entity.Training - Training created: Training{id=1, clientId=1, coachName='Coach', type=GROUP, dateTime=2026-06-01T10:00, durationMinutes=60, state=PLANNED}
2026-05-27 23:16:16 DEBUG by.bsu.fitness.observer.TrainingScheduleObservable - Observer added: TrainingScheduleObservableTest$$Lambda/0x00000292011a9f60
2026-05-27 23:16:16 DEBUG by.bsu.fitness.observer.TrainingScheduleObservable - Notifying 1 observers about training 1
2026-05-27 23:16:16 DEBUG by.bsu.fitness.entity.Training - Training created: Training{id=1, clientId=1, coachName='Coach', type=GROUP, dateTime=2026-06-01T10:00, durationMinutes=60, state=PLANNED}
2026-05-27 23:16:16 DEBUG by.bsu.fitness.entity.Training - Training created: Training{id=1, clientId=1, coachName='Coach', type=GROUP, dateTime=2026-06-01T10:00, durationMinutes=60, state=PLANNED}
2026-05-27 23:16:16 DEBUG by.bsu.fitness.observer.TrainingScheduleObservable - Observer added: TrainingScheduleObservableTest$$Lambda/0x00000292011aa198
2026-05-27 23:16:16 DEBUG by.bsu.fitness.observer.TrainingScheduleObservable - Observer removed: TrainingScheduleObservableTest$$Lambda/0x00000292011aa198
2026-05-27 23:16:16 DEBUG by.bsu.fitness.observer.TrainingScheduleObservable - Notifying 0 observers about training 1
2026-05-27 23:16:16 DEBUG by.bsu.fitness.entity.Training - Training created: Training{id=1, clientId=1, coachName='Coach', type=GROUP, dateTime=2026-06-01T10:00, durationMinutes=60, state=PLANNED}
2026-05-27 23:16:16 DEBUG by.bsu.fitness.observer.TrainingScheduleObservable - Observer added: TrainingScheduleObservableTest$$Lambda/0x00000292011aa3d0
2026-05-27 23:16:16 DEBUG by.bsu.fitness.observer.TrainingScheduleObservable - Observer added: TrainingScheduleObservableTest$$Lambda/0x00000292011aa608
2026-05-27 23:16:16 DEBUG by.bsu.fitness.observer.TrainingScheduleObservable - Notifying 2 observers about training 1
2026-05-27 23:16:16 ERROR by.bsu.fitness.factory.SubscriptionFactory - Type supplier is null
2026-05-27 23:16:16 DEBUG by.bsu.fitness.util.IdGenerator - Generated new id: 7
2026-05-27 23:16:16 DEBUG by.bsu.fitness.entity.Subscription - Subscription created: Subscription{id=7, clientId=1, type=YEARLY, startDate=2026-05-27, endDate=2027-05-27, state=ACTIVE}
2026-05-27 23:16:16 DEBUG by.bsu.fitness.factory.SubscriptionFactory - Subscription created: Subscription{id=7, clientId=1, type=YEARLY, startDate=2026-05-27, endDate=2027-05-27, state=ACTIVE}
2026-05-27 23:16:16 DEBUG by.bsu.fitness.util.IdGenerator - Generated new id: 8
2026-05-27 23:16:16 DEBUG by.bsu.fitness.entity.Subscription - Subscription created: Subscription{id=8, clientId=1, type=YEARLY, startDate=2026-05-27, endDate=2027-05-27, state=ACTIVE}
2026-05-27 23:16:16 DEBUG by.bsu.fitness.factory.SubscriptionFactory - Subscription created: Subscription{id=8, clientId=1, type=YEARLY, startDate=2026-05-27, endDate=2027-05-27, state=ACTIVE}
2026-05-27 23:16:16 DEBUG by.bsu.fitness.util.IdGenerator - Generated new id: 9
2026-05-27 23:16:16 DEBUG by.bsu.fitness.entity.Subscription - Subscription created: Subscription{id=9, clientId=42, type=MONTHLY, startDate=2026-05-27, endDate=2026-06-27, state=ACTIVE}
2026-05-27 23:16:16 DEBUG by.bsu.fitness.factory.SubscriptionFactory - Subscription created: Subscription{id=9, clientId=42, type=MONTHLY, startDate=2026-05-27, endDate=2026-06-27, state=ACTIVE}
2026-05-27 23:16:16 ERROR by.bsu.fitness.factory.SubscriptionFactory - Invalid clientId: -1
2026-05-27 23:16:16 ERROR by.bsu.fitness.factory.SubscriptionFactory - Subscription type is null
2026-05-27 23:16:16 ERROR by.bsu.fitness.factory.SubscriptionFactory - Invalid clientId: 0
2026-05-27 23:16:16 DEBUG by.bsu.fitness.util.IdGenerator - Generated new id: 10
2026-05-27 23:16:16 DEBUG by.bsu.fitness.entity.Subscription - Subscription created: Subscription{id=10, clientId=1, type=MONTHLY, startDate=2026-05-27, endDate=2026-06-27, state=ACTIVE}
2026-05-27 23:16:16 DEBUG by.bsu.fitness.factory.SubscriptionFactory - Subscription created: Subscription{id=10, clientId=1, type=MONTHLY, startDate=2026-05-27, endDate=2026-06-27, state=ACTIVE}
2026-05-27 23:16:16 DEBUG by.bsu.fitness.util.IdGenerator - Generated new id: 11
2026-05-27 23:16:16 DEBUG by.bsu.fitness.entity.Subscription - Subscription created: Subscription{id=11, clientId=1, type=YEARLY, startDate=2026-05-27, endDate=2027-05-27, state=ACTIVE}
2026-05-27 23:16:16 DEBUG by.bsu.fitness.factory.SubscriptionFactory - Subscription created: Subscription{id=11, clientId=1, type=YEARLY, startDate=2026-05-27, endDate=2027-05-27, state=ACTIVE}
2026-05-27 23:16:16 DEBUG by.bsu.fitness.util.IdGenerator - Generated new id: 12
2026-05-27 23:16:16 DEBUG by.bsu.fitness.entity.Subscription - Subscription created: Subscription{id=12, clientId=1, type=VISIT_BASED, startDate=2026-05-27, endDate=2031-05-27, state=ACTIVE}
2026-05-27 23:16:16 DEBUG by.bsu.fitness.factory.SubscriptionFactory - Subscription created: Subscription{id=12, clientId=1, type=VISIT_BASED, startDate=2026-05-27, endDate=2031-05-27, state=ACTIVE}
2026-05-27 23:16:16 DEBUG by.bsu.fitness.util.IdGenerator - Generated new id: 13
2026-05-27 23:16:16 DEBUG by.bsu.fitness.entity.Subscription - Subscription created: Subscription{id=13, clientId=1, type=MONTHLY, startDate=2026-05-27, endDate=2026-06-27, state=ACTIVE}
2026-05-27 23:16:16 DEBUG by.bsu.fitness.factory.SubscriptionFactory - Subscription created: Subscription{id=13, clientId=1, type=MONTHLY, startDate=2026-05-27, endDate=2026-06-27, state=ACTIVE}
2026-05-27 23:16:16 DEBUG by.bsu.fitness.util.IdGenerator - Generated new id: 14
2026-05-27 23:16:16 DEBUG by.bsu.fitness.entity.Subscription - Subscription created: Subscription{id=14, clientId=1, type=MONTHLY, startDate=2026-05-27, endDate=2026-06-27, state=ACTIVE}
2026-05-27 23:16:16 DEBUG by.bsu.fitness.factory.SubscriptionFactory - Subscription created: Subscription{id=14, clientId=1, type=MONTHLY, startDate=2026-05-27, endDate=2026-06-27, state=ACTIVE}
2026-05-27 23:16:16 DEBUG by.bsu.fitness.util.IdGenerator - Generated new id: 15
2026-05-27 23:16:16 DEBUG by.bsu.fitness.entity.Subscription - Subscription created: Subscription{id=15, clientId=1, type=VISIT_BASED, startDate=2026-05-27, endDate=2031-05-27, state=ACTIVE}
2026-05-27 23:16:16 DEBUG by.bsu.fitness.factory.SubscriptionFactory - Subscription created: Subscription{id=15, clientId=1, type=VISIT_BASED, startDate=2026-05-27, endDate=2031-05-27, state=ACTIVE}
2026-05-27 23:16:16 DEBUG by.bsu.fitness.util.IdGenerator - Generated new id: 16
2026-05-27 23:16:16 DEBUG by.bsu.fitness.entity.Subscription - Subscription created: Subscription{id=16, clientId=1, type=YEARLY, startDate=2026-05-27, endDate=2027-05-27, state=ACTIVE}
2026-05-27 23:16:16 DEBUG by.bsu.fitness.factory.SubscriptionFactory - Subscription created: Subscription{id=16, clientId=1, type=YEARLY, startDate=2026-05-27, endDate=2027-05-27, state=ACTIVE}
2026-05-27 23:16:16 ERROR by.bsu.fitness.factory.SubscriptionFactory - Invalid clientId: -1
2026-05-27 23:16:16 DEBUG by.bsu.fitness.util.IdGenerator - Generated new id: 17
2026-05-27 23:16:16 DEBUG by.bsu.fitness.entity.Subscription - Subscription created: Subscription{id=17, clientId=1, type=MONTHLY, startDate=2026-05-27, endDate=2026-06-27, state=ACTIVE}
2026-05-27 23:16:16 DEBUG by.bsu.fitness.factory.SubscriptionFactory - Subscription created: Subscription{id=17, clientId=1, type=MONTHLY, startDate=2026-05-27, endDate=2026-06-27, state=ACTIVE}
2026-05-27 23:16:16 DEBUG by.bsu.fitness.util.IdGenerator - Generated new id: 18
2026-05-27 23:16:16 DEBUG by.bsu.fitness.entity.Subscription - Subscription created: Subscription{id=18, clientId=1, type=YEARLY, startDate=2026-05-27, endDate=2027-05-27, state=ACTIVE}
2026-05-27 23:16:16 DEBUG by.bsu.fitness.factory.SubscriptionFactory - Subscription created: Subscription{id=18, clientId=1, type=YEARLY, startDate=2026-05-27, endDate=2027-05-27, state=ACTIVE}
2026-05-27 23:16:16 DEBUG by.bsu.fitness.util.IdGenerator - Generated new id: 19
2026-05-27 23:16:16 DEBUG by.bsu.fitness.entity.Training - Training created: Training{id=19, clientId=1, coachName='Coach', type=GROUP, dateTime=null, durationMinutes=60, state=PLANNED}
2026-05-27 23:16:16 DEBUG by.bsu.fitness.factory.TrainingBuilder - Training built via Elegant Builder: Training{id=19, clientId=1, coachName='Coach', type=GROUP, dateTime=null, durationMinutes=60, state=PLANNED}
2026-05-27 23:16:16 DEBUG by.bsu.fitness.util.IdGenerator - Generated new id: 20
2026-05-27 23:16:16 DEBUG by.bsu.fitness.entity.Training - Training created: Training{id=20, clientId=1, coachName='Coach', type=GROUP, dateTime=2026-06-01T10:00, durationMinutes=60, state=PLANNED}
2026-05-27 23:16:16 DEBUG by.bsu.fitness.factory.TrainingBuilder - Training built: Training{id=20, clientId=1, coachName='Coach', type=GROUP, dateTime=2026-06-01T10:00, durationMinutes=60, state=PLANNED}
2026-05-27 23:16:16 DEBUG by.bsu.fitness.util.IdGenerator - Generated new id: 21
2026-05-27 23:16:16 DEBUG by.bsu.fitness.entity.Training - Training created: Training{id=21, clientId=1, coachName='Coach', type=GROUP, dateTime=2026-06-01T10:00, durationMinutes=60, state=PLANNED}
2026-05-27 23:16:16 DEBUG by.bsu.fitness.factory.TrainingBuilder - Training built: Training{id=21, clientId=1, coachName='Coach', type=GROUP, dateTime=2026-06-01T10:00, durationMinutes=60, state=PLANNED}
2026-05-27 23:16:16 DEBUG by.bsu.fitness.util.IdGenerator - Generated new id: 22
2026-05-27 23:16:16 DEBUG by.bsu.fitness.entity.Training - Training created: Training{id=22, clientId=7, coachName='Coach', type=GROUP, dateTime=2026-06-01T10:00, durationMinutes=60, state=PLANNED}
2026-05-27 23:16:16 DEBUG by.bsu.fitness.factory.TrainingBuilder - Training built: Training{id=22, clientId=7, coachName='Coach', type=GROUP, dateTime=2026-06-01T10:00, durationMinutes=60, state=PLANNED}
2026-05-27 23:16:16 DEBUG by.bsu.fitness.util.IdGenerator - Generated new id: 23
2026-05-27 23:16:16 DEBUG by.bsu.fitness.entity.Training - Training created: Training{id=23, clientId=1, coachName='Петров', type=GROUP, dateTime=2026-06-01T10:00, durationMinutes=60, state=PLANNED}
2026-05-27 23:16:16 DEBUG by.bsu.fitness.factory.TrainingBuilder - Training built: Training{id=23, clientId=1, coachName='Петров', type=GROUP, dateTime=2026-06-01T10:00, durationMinutes=60, state=PLANNED}
2026-05-27 23:16:16 DEBUG by.bsu.fitness.util.IdGenerator - Generated new id: 24
2026-05-27 23:16:16 DEBUG by.bsu.fitness.entity.Training - Training created: Training{id=24, clientId=1, coachName='Coach', type=GROUP, dateTime=2026-06-01T10:00, durationMinutes=90, state=PLANNED}
2026-05-27 23:16:16 DEBUG by.bsu.fitness.factory.TrainingBuilder - Training built: Training{id=24, clientId=1, coachName='Coach', type=GROUP, dateTime=2026-06-01T10:00, durationMinutes=90, state=PLANNED}
2026-05-27 23:16:16 DEBUG by.bsu.fitness.util.IdGenerator - Generated new id: 25
2026-05-27 23:16:16 DEBUG by.bsu.fitness.entity.Training - Training created: Training{id=25, clientId=1, coachName='Coach', type=GROUP, dateTime=2026-06-01T10:00, durationMinutes=60, state=ACTIVE}
2026-05-27 23:16:16 DEBUG by.bsu.fitness.factory.TrainingBuilder - Training built: Training{id=25, clientId=1, coachName='Coach', type=GROUP, dateTime=2026-06-01T10:00, durationMinutes=60, state=ACTIVE}
2026-05-27 23:16:16 DEBUG by.bsu.fitness.util.IdGenerator - Generated new id: 26
2026-05-27 23:16:16 DEBUG by.bsu.fitness.entity.Training - Training created: Training{id=26, clientId=1, coachName='Coach', type=PERSONAL, dateTime=2026-06-01T10:00, durationMinutes=30, state=PLANNED}
2026-05-27 23:16:16 DEBUG by.bsu.fitness.factory.TrainingBuilder - Training built: Training{id=26, clientId=1, coachName='Coach', type=PERSONAL, dateTime=2026-06-01T10:00, durationMinutes=30, state=PLANNED}
2026-05-27 23:16:16 DEBUG by.bsu.fitness.util.IdGenerator - Generated new id: 27
2026-05-27 23:16:16 DEBUG by.bsu.fitness.entity.Training - Training created: Training{id=27, clientId=1, coachName='Coach', type=GROUP, dateTime=null, durationMinutes=60, state=PLANNED}
2026-05-27 23:16:16 DEBUG by.bsu.fitness.factory.TrainingBuilder - Training built via Elegant Builder: Training{id=27, clientId=1, coachName='Coach', type=GROUP, dateTime=null, durationMinutes=60, state=PLANNED}
2026-05-27 23:16:16 DEBUG by.bsu.fitness.util.IdGenerator - Generated new id: 28
2026-05-27 23:16:16 DEBUG by.bsu.fitness.entity.Training - Training created: Training{id=28, clientId=5, coachName='Coach', type=GROUP, dateTime=null, durationMinutes=60, state=PLANNED}
2026-05-27 23:16:16 DEBUG by.bsu.fitness.factory.TrainingBuilder - Training built via Elegant Builder: Training{id=28, clientId=5, coachName='Coach', type=GROUP, dateTime=null, durationMinutes=60, state=PLANNED}
2026-05-27 23:16:16 DEBUG by.bsu.fitness.util.IdGenerator - Generated new id: 29
2026-05-27 23:16:16 DEBUG by.bsu.fitness.entity.Training - Training created: Training{id=29, clientId=1, coachName='Иванов', type=GROUP, dateTime=null, durationMinutes=60, state=PLANNED}
2026-05-27 23:16:16 DEBUG by.bsu.fitness.factory.TrainingBuilder - Training built via Elegant Builder: Training{id=29, clientId=1, coachName='Иванов', type=GROUP, dateTime=null, durationMinutes=60, state=PLANNED}
2026-05-27 23:16:16 DEBUG by.bsu.fitness.util.IdGenerator - Generated new id: 30
2026-05-27 23:16:16 DEBUG by.bsu.fitness.entity.Training - Training created: Training{id=30, clientId=1, coachName='Coach', type=PERSONAL, dateTime=null, durationMinutes=45, state=PLANNED}
2026-05-27 23:16:16 DEBUG by.bsu.fitness.factory.TrainingBuilder - Training built via Elegant Builder: Training{id=30, clientId=1, coachName='Coach', type=PERSONAL, dateTime=null, durationMinutes=45, state=PLANNED}
2026-05-27 23:16:16 DEBUG by.bsu.fitness.util.IdGenerator - Generated new id: 31
2026-05-27 23:16:16 DEBUG by.bsu.fitness.entity.Training - Training created: Training{id=31, clientId=1, coachName='Coach', type=GROUP, dateTime=null, durationMinutes=60, state=PLANNED}
2026-05-27 23:16:16 DEBUG by.bsu.fitness.factory.TrainingBuilder - Training built: Training{id=31, clientId=1, coachName='Coach', type=GROUP, dateTime=null, durationMinutes=60, state=PLANNED}
2026-05-27 23:16:16 DEBUG by.bsu.fitness.entity.Training - Training created: Training{id=1, clientId=3, coachName='X', type=GROUP, dateTime=2026-06-01T10:00, durationMinutes=60, state=PLANNED}
2026-05-27 23:16:16 DEBUG by.bsu.fitness.factory.TrainingBuilder - TrainingBuilder created from Supplier
2026-05-27 23:16:16 DEBUG by.bsu.fitness.util.IdGenerator - Generated new id: 32
2026-05-27 23:16:16 DEBUG by.bsu.fitness.entity.Training - Training created: Training{id=32, clientId=3, coachName='X', type=GROUP, dateTime=2026-06-01T10:00, durationMinutes=60, state=PLANNED}
2026-05-27 23:16:16 DEBUG by.bsu.fitness.factory.TrainingBuilder - Training built: Training{id=32, clientId=3, coachName='X', type=GROUP, dateTime=2026-06-01T10:00, durationMinutes=60, state=PLANNED}
2026-05-27 23:16:16 DEBUG by.bsu.fitness.entity.Training - Training created: Training{id=1, clientId=1, coachName='Сидоров', type=GROUP, dateTime=2026-06-01T10:00, durationMinutes=60, state=PLANNED}
2026-05-27 23:16:16 DEBUG by.bsu.fitness.factory.TrainingBuilder - TrainingBuilder created from Supplier
2026-05-27 23:16:16 DEBUG by.bsu.fitness.util.IdGenerator - Generated new id: 33
2026-05-27 23:16:16 DEBUG by.bsu.fitness.entity.Training - Training created: Training{id=33, clientId=1, coachName='Сидоров', type=GROUP, dateTime=2026-06-01T10:00, durationMinutes=60, state=PLANNED}
2026-05-27 23:16:16 DEBUG by.bsu.fitness.factory.TrainingBuilder - Training built: Training{id=33, clientId=1, coachName='Сидоров', type=GROUP, dateTime=2026-06-01T10:00, durationMinutes=60, state=PLANNED}
2026-05-27 23:16:16 DEBUG by.bsu.fitness.util.IdGenerator - Generated new id: 34
2026-05-27 23:16:16 DEBUG by.bsu.fitness.entity.Training - Training created: Training{id=34, clientId=1, coachName='Coach', type=GROUP, dateTime=null, durationMinutes=0, state=null}
2026-05-27 23:16:16 DEBUG by.bsu.fitness.factory.TrainingBuilder - Training built via Elegant Builder: Training{id=34, clientId=1, coachName='Coach', type=GROUP, dateTime=null, durationMinutes=0, state=null}
2026-05-27 23:16:16 DEBUG by.bsu.fitness.util.IdGenerator - Generated new id: 35
2026-05-27 23:16:16 DEBUG by.bsu.fitness.entity.Training - Training created: Training{id=35, clientId=1, coachName='Coach', type=GROUP, dateTime=null, durationMinutes=60, state=PLANNED}
2026-05-27 23:16:16 DEBUG by.bsu.fitness.factory.TrainingBuilder - Training built: Training{id=35, clientId=1, coachName='Coach', type=GROUP, dateTime=null, durationMinutes=60, state=PLANNED}
2026-05-27 23:16:16 DEBUG by.bsu.fitness.util.IdGenerator - Generated new id: 36
2026-05-27 23:16:16 DEBUG by.bsu.fitness.entity.Training - Training created: Training{id=36, clientId=1, coachName='Coach', type=GROUP, dateTime=null, durationMinutes=60, state=PLANNED}
2026-05-27 23:16:16 DEBUG by.bsu.fitness.factory.TrainingBuilder - Training built: Training{id=36, clientId=1, coachName='Coach', type=GROUP, dateTime=null, durationMinutes=60, state=PLANNED}
2026-05-27 23:16:16 ERROR by.bsu.fitness.exception.FitnessException - FitnessException created: msg, cause: java.lang.RuntimeException: cause
2026-05-27 23:16:16 ERROR by.bsu.fitness.exception.FitnessException - FitnessException created: msg
2026-05-27 23:16:16 ERROR by.bsu.fitness.exception.FitnessException - FitnessException created: test message
2026-05-27 23:16:16 ERROR by.bsu.fitness.exception.FitnessException - FitnessException created: msg
2026-05-27 23:16:16 ERROR by.bsu.fitness.exception.RepositoryException - RepositoryException: msg
2026-05-27 23:16:16 ERROR by.bsu.fitness.exception.FitnessException - FitnessException created: repo error
2026-05-27 23:16:16 ERROR by.bsu.fitness.exception.RepositoryException - RepositoryException: repo error
2026-05-27 23:16:16 ERROR by.bsu.fitness.exception.FitnessException - FitnessException created: msg, cause: java.lang.RuntimeException: root
2026-05-27 23:16:16 ERROR by.bsu.fitness.exception.RepositoryException - RepositoryException: msg, cause: java.lang.RuntimeException: root
2026-05-27 23:16:16 ERROR by.bsu.fitness.exception.FitnessException - FitnessException created: msg
2026-05-27 23:16:16 ERROR by.bsu.fitness.exception.ServiceException - ServiceException: msg
2026-05-27 23:16:16 ERROR by.bsu.fitness.exception.FitnessException - FitnessException created: service error
2026-05-27 23:16:16 ERROR by.bsu.fitness.exception.ServiceException - ServiceException: service error
2026-05-27 23:16:16 ERROR by.bsu.fitness.exception.FitnessException - FitnessException created: msg, cause: java.lang.RuntimeException: root
2026-05-27 23:16:16 ERROR by.bsu.fitness.exception.ServiceException - ServiceException: msg, cause: java.lang.RuntimeException: root
2026-05-27 23:16:16 ERROR by.bsu.fitness.exception.FitnessException - FitnessException created: msg
2026-05-27 23:16:16 ERROR by.bsu.fitness.exception.ValidationException - ValidationException: msg
2026-05-27 23:16:16 ERROR by.bsu.fitness.exception.FitnessException - FitnessException created: validation error
2026-05-27 23:16:16 ERROR by.bsu.fitness.exception.ValidationException - ValidationException: validation error
2026-05-27 23:16:16 ERROR by.bsu.fitness.exception.FitnessException - FitnessException created: msg, cause: java.lang.RuntimeException: root
2026-05-27 23:16:16 ERROR by.bsu.fitness.exception.ValidationException - ValidationException: msg, cause: java.lang.RuntimeException: root
2026-05-27 23:16:16 DEBUG by.bsu.fitness.entity.Client - Client created: Client{id=1, name='Ксения', phone='+375-11-111-11-11'}
2026-05-27 23:16:16 DEBUG by.bsu.fitness.entity.Client - Client created: Client{id=1, name='Ксения', phone='+375-11-111-11-11'}
2026-05-27 23:16:16 DEBUG by.bsu.fitness.entity.Client - Client created: Client{id=1, name='Ксения', phone='+375-11-111-11-11'}
2026-05-27 23:16:16 DEBUG by.bsu.fitness.entity.Client - Client created: Client{id=1, name='Ксения', phone='+375-11-111-11-11'}
2026-05-27 23:16:16 DEBUG by.bsu.fitness.entity.Client - Client created: Client{id=1, name='Ксения', phone='+375-11-111-11-11'}
2026-05-27 23:16:16 DEBUG by.bsu.fitness.entity.Client - Client created: Client{id=1, name='Ксения', phone='+375-11-111-11-11'}
2026-05-27 23:16:16 DEBUG by.bsu.fitness.entity.Client - Client created: Client{id=1, name='Ксения', phone='+375-11-111-11-11'}
2026-05-27 23:16:16 DEBUG by.bsu.fitness.entity.Client - Client created: Client{id=1, name='Ксения', phone='+375-11-111-11-11'}
2026-05-27 23:16:16 DEBUG by.bsu.fitness.entity.Client - Client created: Client{id=2, name='Ксения', phone='+375-11-111-11-11'}
2026-05-27 23:16:16 DEBUG by.bsu.fitness.entity.Client - Client created: Client{id=1, name='Ксения', phone='+375-11-111-11-11'}
2026-05-27 23:16:16 DEBUG by.bsu.fitness.entity.Client - Changing client name from 'Ксения' to 'Антон'
2026-05-27 23:16:16 DEBUG by.bsu.fitness.entity.Client - Client created: Client{id=1, name='Ксения', phone='+375-11-111-11-11'}
2026-05-27 23:16:16 DEBUG by.bsu.fitness.entity.Client - Changing client phone from '+375-11-111-11-11' to '+375-22-222-22-22'
2026-05-27 23:16:16 DEBUG by.bsu.fitness.entity.Client - Client created: Client{id=1, name='Ксения', phone='+375-11-111-11-11'}
2026-05-27 23:16:16 DEBUG by.bsu.fitness.entity.Client - Client created: Client{id=1, name='Ксения', phone='+375-11-111-11-11'}
2026-05-27 23:16:16 DEBUG by.bsu.fitness.entity.Subscription - Subscription created: Subscription{id=10, clientId=1, type=MONTHLY, startDate=2026-01-01, endDate=2027-01-01, state=ACTIVE}
2026-05-27 23:16:16 DEBUG by.bsu.fitness.entity.Subscription - Subscription created: Subscription{id=10, clientId=1, type=MONTHLY, startDate=2026-01-01, endDate=2027-01-01, state=ACTIVE}
2026-05-27 23:16:16 DEBUG by.bsu.fitness.entity.Subscription - Subscription created: Subscription{id=10, clientId=1, type=MONTHLY, startDate=2026-01-01, endDate=2027-01-01, state=ACTIVE}
2026-05-27 23:16:16 DEBUG by.bsu.fitness.entity.Subscription - Subscription created: Subscription{id=10, clientId=1, type=MONTHLY, startDate=2026-01-01, endDate=2027-01-01, state=ACTIVE}
2026-05-27 23:16:16 DEBUG by.bsu.fitness.entity.Subscription - Subscription created: Subscription{id=10, clientId=1, type=MONTHLY, startDate=2026-01-01, endDate=2027-01-01, state=ACTIVE}
2026-05-27 23:16:16 DEBUG by.bsu.fitness.entity.Subscription - Subscription created: Subscription{id=10, clientId=1, type=MONTHLY, startDate=2026-01-01, endDate=2027-01-01, state=ACTIVE}
2026-05-27 23:16:16 DEBUG by.bsu.fitness.entity.Subscription - Subscription created: Subscription{id=10, clientId=1, type=MONTHLY, startDate=2026-01-01, endDate=2027-01-01, state=ACTIVE}
2026-05-27 23:16:16 DEBUG by.bsu.fitness.entity.Subscription - Subscription created: Subscription{id=10, clientId=1, type=MONTHLY, startDate=2026-01-01, endDate=2027-01-01, state=ACTIVE}
2026-05-27 23:16:16 DEBUG by.bsu.fitness.entity.Subscription - Subscription created: Subscription{id=10, clientId=1, type=MONTHLY, startDate=2026-01-01, endDate=2027-01-01, state=ACTIVE}
2026-05-27 23:16:16 DEBUG by.bsu.fitness.entity.Subscription - Subscription created: Subscription{id=10, clientId=1, type=MONTHLY, startDate=2026-01-01, endDate=2027-01-01, state=ACTIVE}
2026-05-27 23:16:16 DEBUG by.bsu.fitness.entity.Subscription - Subscription created: Subscription{id=10, clientId=1, type=MONTHLY, startDate=2026-01-01, endDate=2027-01-01, state=ACTIVE}
2026-05-27 23:16:16 DEBUG by.bsu.fitness.entity.Subscription - Subscription created: Subscription{id=99, clientId=1, type=MONTHLY, startDate=2026-01-01, endDate=2027-01-01, state=ACTIVE}
2026-05-27 23:16:16 DEBUG by.bsu.fitness.entity.Subscription - Subscription created: Subscription{id=10, clientId=1, type=MONTHLY, startDate=2026-01-01, endDate=2027-01-01, state=ACTIVE}
2026-05-27 23:16:16 DEBUG by.bsu.fitness.entity.Subscription - Changing subscription state from ACTIVE to EXPIRED
2026-05-27 23:16:16 DEBUG by.bsu.fitness.entity.Subscription - Subscription created: Subscription{id=10, clientId=1, type=MONTHLY, startDate=2026-01-01, endDate=2027-01-01, state=ACTIVE}
2026-05-27 23:16:16 DEBUG by.bsu.fitness.entity.Subscription - Changing subscription state from ACTIVE to FROZEN
2026-05-27 23:16:16 DEBUG by.bsu.fitness.entity.Subscription - Subscription created: Subscription{id=10, clientId=1, type=MONTHLY, startDate=2026-01-01, endDate=2027-01-01, state=ACTIVE}
2026-05-27 23:16:16 DEBUG by.bsu.fitness.entity.Training - Training created: Training{id=5, clientId=1, coachName='Иванов', type=GROUP, dateTime=2026-06-01T10:00, durationMinutes=60, state=PLANNED}
2026-05-27 23:16:16 DEBUG by.bsu.fitness.entity.Training - Training created: Training{id=5, clientId=1, coachName='Иванов', type=GROUP, dateTime=2026-06-01T10:00, durationMinutes=60, state=PLANNED}
2026-05-27 23:16:16 DEBUG by.bsu.fitness.entity.Training - Training created: Training{id=5, clientId=1, coachName='Иванов', type=GROUP, dateTime=2026-06-01T10:00, durationMinutes=60, state=PLANNED}
2026-05-27 23:16:16 DEBUG by.bsu.fitness.entity.Training - Training created: Training{id=5, clientId=1, coachName='Иванов', type=GROUP, dateTime=2026-06-01T10:00, durationMinutes=60, state=PLANNED}
2026-05-27 23:16:16 DEBUG by.bsu.fitness.entity.Training - Training created: Training{id=5, clientId=1, coachName='Иванов', type=GROUP, dateTime=2026-06-01T10:00, durationMinutes=60, state=PLANNED}
2026-05-27 23:16:16 DEBUG by.bsu.fitness.entity.Training - Training created: Training{id=5, clientId=1, coachName='Иванов', type=GROUP, dateTime=2026-06-01T10:00, durationMinutes=60, state=PLANNED}
2026-05-27 23:16:16 DEBUG by.bsu.fitness.entity.Training - Training created: Training{id=5, clientId=1, coachName='Иванов', type=GROUP, dateTime=2026-06-01T10:00, durationMinutes=60, state=PLANNED}
2026-05-27 23:16:16 DEBUG by.bsu.fitness.entity.Training - Training created: Training{id=5, clientId=1, coachName='Иванов', type=GROUP, dateTime=2026-06-01T10:00, durationMinutes=60, state=PLANNED}
2026-05-27 23:16:16 DEBUG by.bsu.fitness.entity.Training - Training created: Training{id=5, clientId=1, coachName='Иванов', type=GROUP, dateTime=2026-06-01T10:00, durationMinutes=60, state=PLANNED}
2026-05-27 23:16:16 DEBUG by.bsu.fitness.entity.Training - Training created: Training{id=5, clientId=1, coachName='Иванов', type=GROUP, dateTime=2026-06-01T10:00, durationMinutes=60, state=PLANNED}
2026-05-27 23:16:16 DEBUG by.bsu.fitness.entity.Training - Training created: Training{id=5, clientId=1, coachName='Иванов', type=GROUP, dateTime=2026-06-01T10:00, durationMinutes=60, state=PLANNED}
2026-05-27 23:16:16 DEBUG by.bsu.fitness.entity.Training - Training created: Training{id=5, clientId=1, coachName='Иванов', type=GROUP, dateTime=2026-06-01T10:00, durationMinutes=60, state=PLANNED}
2026-05-27 23:16:16 DEBUG by.bsu.fitness.entity.Training - Training created: Training{id=99, clientId=1, coachName='Иванов', type=GROUP, dateTime=2026-06-01T10:00, durationMinutes=60, state=PLANNED}
2026-05-27 23:16:16 DEBUG by.bsu.fitness.entity.Training - Training created: Training{id=5, clientId=1, coachName='Иванов', type=GROUP, dateTime=2026-06-01T10:00, durationMinutes=60, state=PLANNED}
2026-05-27 23:16:16 DEBUG by.bsu.fitness.entity.Training - Changing training state from PLANNED to ACTIVE
2026-05-27 23:16:16 DEBUG by.bsu.fitness.entity.Training - Training created: Training{id=5, clientId=1, coachName='Иванов', type=GROUP, dateTime=2026-06-01T10:00, durationMinutes=60, state=PLANNED}
2026-05-27 23:16:16 DEBUG by.bsu.fitness.entity.Training - Changing training state from PLANNED to CANCELED
2026-05-27 23:16:16 DEBUG by.bsu.fitness.entity.Training - Training created: Training{id=5, clientId=1, coachName='Иванов', type=GROUP, dateTime=2026-06-01T10:00, durationMinutes=60, state=PLANNED}
2026-05-27 23:16:16 DEBUG by.bsu.fitness.entity.Training - Changing training state from PLANNED to FINISHED
2026-05-27 23:16:16 DEBUG by.bsu.fitness.entity.Training - Training created: Training{id=5, clientId=1, coachName='Иванов', type=GROUP, dateTime=2026-06-01T10:00, durationMinutes=60, state=PLANNED}
2026-05-27 23:16:16 DEBUG by.bsu.fitness.entity.Training - Training created: Training{id=1, clientId=1, coachName='Coach', type=GROUP, dateTime=2026-06-01T10:00, durationMinutes=60, state=PLANNED}
2026-05-27 23:16:16 DEBUG by.bsu.fitness.entity.Training - Training created: Training{id=2, clientId=2, coachName='Coach', type=PERSONAL, dateTime=2026-06-01T10:00, durationMinutes=45, state=PLANNED}
2026-05-27 23:16:16 DEBUG by.bsu.fitness.strategy.impl.GroupTrainingStrategy - Executing group training strategy for training 1
2026-05-27 23:16:16 INFO  by.bsu.fitness.strategy.impl.GroupTrainingStrategy - Group training with coach Coach for client 1
2026-05-27 23:16:16 DEBUG by.bsu.fitness.entity.Training - Training created: Training{id=1, clientId=1, coachName='Coach', type=GROUP, dateTime=2026-06-01T10:00, durationMinutes=60, state=PLANNED}
2026-05-27 23:16:16 DEBUG by.bsu.fitness.entity.Training - Training created: Training{id=2, clientId=2, coachName='Coach', type=PERSONAL, dateTime=2026-06-01T10:00, durationMinutes=45, state=PLANNED}
2026-05-27 23:16:16 DEBUG by.bsu.fitness.entity.Training - Training created: Training{id=1, clientId=1, coachName='Coach', type=GROUP, dateTime=2026-06-01T10:00, durationMinutes=60, state=PLANNED}
2026-05-27 23:16:16 DEBUG by.bsu.fitness.entity.Training - Training created: Training{id=2, clientId=2, coachName='Coach', type=PERSONAL, dateTime=2026-06-01T10:00, durationMinutes=45, state=PLANNED}
2026-05-27 23:16:16 DEBUG by.bsu.fitness.strategy.impl.PersonalTrainingStrategy - Executing personal training strategy for training 2
2026-05-27 23:16:16 INFO  by.bsu.fitness.strategy.impl.PersonalTrainingStrategy - Personal training with coach Coach for client 2
2026-05-27 23:16:16 DEBUG by.bsu.fitness.entity.Training - Training created: Training{id=1, clientId=1, coachName='Coach', type=GROUP, dateTime=2026-06-01T10:00, durationMinutes=60, state=PLANNED}
2026-05-27 23:16:16 DEBUG by.bsu.fitness.entity.Training - Training created: Training{id=2, clientId=2, coachName='Coach', type=PERSONAL, dateTime=2026-06-01T10:00, durationMinutes=45, state=PLANNED}
2026-05-27 23:16:16 DEBUG by.bsu.fitness.service.impl.SubscriptionServiceImpl - SubscriptionServiceImpl created
2026-05-27 23:16:16 DEBUG by.bsu.fitness.util.IdGenerator - Generated new id: 37
2026-05-27 23:16:16 DEBUG by.bsu.fitness.entity.Subscription - Subscription created: Subscription{id=37, clientId=1, type=MONTHLY, startDate=2026-05-27, endDate=2026-06-27, state=ACTIVE}
2026-05-27 23:16:16 DEBUG by.bsu.fitness.factory.SubscriptionFactory - Subscription created: Subscription{id=37, clientId=1, type=MONTHLY, startDate=2026-05-27, endDate=2026-06-27, state=ACTIVE}
2026-05-27 23:16:16 DEBUG by.bsu.fitness.validator.SubscriptionValidator - Subscription 37 validated successfully
2026-05-27 23:16:16 DEBUG by.bsu.fitness.repository.SubscriptionRepository - Subscription added: Subscription{id=37, clientId=1, type=MONTHLY, startDate=2026-05-27, endDate=2026-06-27, state=ACTIVE}
2026-05-27 23:16:16 DEBUG by.bsu.fitness.service.impl.SubscriptionServiceImpl - Subscription 37 created and saved
2026-05-27 23:16:16 DEBUG by.bsu.fitness.repository.SubscriptionRepository - Subscription lookup by id 37 -> Subscription{id=37, clientId=1, type=MONTHLY, startDate=2026-05-27, endDate=2026-06-27, state=ACTIVE}
2026-05-27 23:16:16 DEBUG by.bsu.fitness.entity.Subscription - Changing subscription state from ACTIVE to FROZEN
2026-05-27 23:16:16 DEBUG by.bsu.fitness.service.impl.SubscriptionServiceImpl - Subscription 37 frozen
2026-05-27 23:16:16 DEBUG by.bsu.fitness.repository.SubscriptionRepository - Subscription lookup by id 37 -> Subscription{id=37, clientId=1, type=MONTHLY, startDate=2026-05-27, endDate=2026-06-27, state=FROZEN}
2026-05-27 23:16:16 DEBUG by.bsu.fitness.entity.Subscription - Changing subscription state from FROZEN to ACTIVE
2026-05-27 23:16:16 DEBUG by.bsu.fitness.service.impl.SubscriptionServiceImpl - Subscription 37 activated
2026-05-27 23:16:16 DEBUG by.bsu.fitness.repository.SubscriptionRepository - Subscription lookup by id 37 -> Subscription{id=37, clientId=1, type=MONTHLY, startDate=2026-05-27, endDate=2026-06-27, state=ACTIVE}
2026-05-27 23:16:16 DEBUG by.bsu.fitness.service.impl.SubscriptionServiceImpl - SubscriptionServiceImpl created
2026-05-27 23:16:16 DEBUG by.bsu.fitness.repository.SubscriptionRepository - Subscription lookup by id 999 -> null
2026-05-27 23:16:16 ERROR by.bsu.fitness.exception.FitnessException - FitnessException created: Subscription not found: 999
2026-05-27 23:16:16 ERROR by.bsu.fitness.exception.ServiceException - ServiceException: Subscription not found: 999
2026-05-27 23:16:16 DEBUG by.bsu.fitness.service.impl.SubscriptionServiceImpl - SubscriptionServiceImpl created
2026-05-27 23:16:16 DEBUG by.bsu.fitness.util.IdGenerator - Generated new id: 38
2026-05-27 23:16:16 DEBUG by.bsu.fitness.entity.Subscription - Subscription created: Subscription{id=38, clientId=1, type=YEARLY, startDate=2026-05-27, endDate=2027-05-27, state=ACTIVE}
2026-05-27 23:16:16 DEBUG by.bsu.fitness.factory.SubscriptionFactory - Subscription created: Subscription{id=38, clientId=1, type=YEARLY, startDate=2026-05-27, endDate=2027-05-27, state=ACTIVE}
2026-05-27 23:16:16 DEBUG by.bsu.fitness.validator.SubscriptionValidator - Subscription 38 validated successfully
2026-05-27 23:16:16 DEBUG by.bsu.fitness.repository.SubscriptionRepository - Subscription added: Subscription{id=38, clientId=1, type=YEARLY, startDate=2026-05-27, endDate=2027-05-27, state=ACTIVE}
2026-05-27 23:16:16 DEBUG by.bsu.fitness.service.impl.SubscriptionServiceImpl - Subscription 38 created and saved
2026-05-27 23:16:16 DEBUG by.bsu.fitness.repository.SubscriptionRepository - Subscription lookup by id 38 -> Subscription{id=38, clientId=1, type=YEARLY, startDate=2026-05-27, endDate=2027-05-27, state=ACTIVE}
2026-05-27 23:16:16 DEBUG by.bsu.fitness.repository.SubscriptionRepository - Subscription lookup by id 38 -> Subscription{id=38, clientId=1, type=YEARLY, startDate=2026-05-27, endDate=2027-05-27, state=ACTIVE}
2026-05-27 23:16:16 DEBUG by.bsu.fitness.service.impl.SubscriptionServiceImpl - SubscriptionServiceImpl created
2026-05-27 23:16:16 DEBUG by.bsu.fitness.repository.SubscriptionRepository - Subscription lookup by id 999 -> null
2026-05-27 23:16:16 ERROR by.bsu.fitness.exception.FitnessException - FitnessException created: Subscription not found: 999
2026-05-27 23:16:16 ERROR by.bsu.fitness.exception.ServiceException - ServiceException: Subscription not found: 999
2026-05-27 23:16:16 DEBUG by.bsu.fitness.service.impl.SubscriptionServiceImpl - SubscriptionServiceImpl created
2026-05-27 23:16:16 ERROR by.bsu.fitness.factory.SubscriptionFactory - Invalid clientId: 0
2026-05-27 23:16:16 ERROR by.bsu.fitness.exception.FitnessException - FitnessException created: Failed to create subscription: invalid parameters
2026-05-27 23:16:16 ERROR by.bsu.fitness.exception.ServiceException - ServiceException: Failed to create subscription: invalid parameters
2026-05-27 23:16:16 DEBUG by.bsu.fitness.service.impl.SubscriptionServiceImpl - SubscriptionServiceImpl created
2026-05-27 23:16:16 DEBUG by.bsu.fitness.util.IdGenerator - Generated new id: 39
2026-05-27 23:16:16 DEBUG by.bsu.fitness.entity.Subscription - Subscription created: Subscription{id=39, clientId=1, type=MONTHLY, startDate=2026-05-27, endDate=2026-06-27, state=ACTIVE}
2026-05-27 23:16:16 DEBUG by.bsu.fitness.factory.SubscriptionFactory - Subscription created: Subscription{id=39, clientId=1, type=MONTHLY, startDate=2026-05-27, endDate=2026-06-27, state=ACTIVE}
2026-05-27 23:16:16 DEBUG by.bsu.fitness.validator.SubscriptionValidator - Subscription 39 validated successfully
2026-05-27 23:16:16 DEBUG by.bsu.fitness.repository.SubscriptionRepository - Subscription added: Subscription{id=39, clientId=1, type=MONTHLY, startDate=2026-05-27, endDate=2026-06-27, state=ACTIVE}
2026-05-27 23:16:16 DEBUG by.bsu.fitness.service.impl.SubscriptionServiceImpl - Subscription 39 created and saved
2026-05-27 23:16:16 DEBUG by.bsu.fitness.service.impl.SubscriptionServiceImpl - SubscriptionServiceImpl created
2026-05-27 23:16:16 DEBUG by.bsu.fitness.util.IdGenerator - Generated new id: 40
2026-05-27 23:16:16 DEBUG by.bsu.fitness.entity.Subscription - Subscription created: Subscription{id=40, clientId=1, type=MONTHLY, startDate=2026-05-27, endDate=2026-06-27, state=ACTIVE}
2026-05-27 23:16:16 DEBUG by.bsu.fitness.factory.SubscriptionFactory - Subscription created: Subscription{id=40, clientId=1, type=MONTHLY, startDate=2026-05-27, endDate=2026-06-27, state=ACTIVE}
2026-05-27 23:16:16 DEBUG by.bsu.fitness.validator.SubscriptionValidator - Subscription 40 validated successfully
2026-05-27 23:16:16 DEBUG by.bsu.fitness.repository.SubscriptionRepository - Subscription added: Subscription{id=40, clientId=1, type=MONTHLY, startDate=2026-05-27, endDate=2026-06-27, state=ACTIVE}
2026-05-27 23:16:16 DEBUG by.bsu.fitness.service.impl.SubscriptionServiceImpl - Subscription 40 created and saved
2026-05-27 23:16:16 DEBUG by.bsu.fitness.service.impl.SubscriptionServiceImpl - SubscriptionServiceImpl created
2026-05-27 23:16:16 DEBUG by.bsu.fitness.util.IdGenerator - Generated new id: 41
2026-05-27 23:16:16 DEBUG by.bsu.fitness.entity.Subscription - Subscription created: Subscription{id=41, clientId=1, type=MONTHLY, startDate=2026-05-27, endDate=2026-06-27, state=ACTIVE}
2026-05-27 23:16:16 DEBUG by.bsu.fitness.factory.SubscriptionFactory - Subscription created: Subscription{id=41, clientId=1, type=MONTHLY, startDate=2026-05-27, endDate=2026-06-27, state=ACTIVE}
2026-05-27 23:16:16 DEBUG by.bsu.fitness.validator.SubscriptionValidator - Subscription 41 validated successfully
2026-05-27 23:16:16 DEBUG by.bsu.fitness.repository.SubscriptionRepository - Subscription added: Subscription{id=41, clientId=1, type=MONTHLY, startDate=2026-05-27, endDate=2026-06-27, state=ACTIVE}
2026-05-27 23:16:16 DEBUG by.bsu.fitness.service.impl.SubscriptionServiceImpl - Subscription 41 created and saved
2026-05-27 23:16:16 DEBUG by.bsu.fitness.service.impl.SubscriptionServiceImpl - SubscriptionServiceImpl created
2026-05-27 23:16:16 DEBUG by.bsu.fitness.util.IdGenerator - Generated new id: 42
2026-05-27 23:16:16 DEBUG by.bsu.fitness.entity.Subscription - Subscription created: Subscription{id=42, clientId=1, type=YEARLY, startDate=2026-05-27, endDate=2027-05-27, state=ACTIVE}
2026-05-27 23:16:16 DEBUG by.bsu.fitness.factory.SubscriptionFactory - Subscription created: Subscription{id=42, clientId=1, type=YEARLY, startDate=2026-05-27, endDate=2027-05-27, state=ACTIVE}
2026-05-27 23:16:16 DEBUG by.bsu.fitness.validator.SubscriptionValidator - Subscription 42 validated successfully
2026-05-27 23:16:16 DEBUG by.bsu.fitness.repository.SubscriptionRepository - Subscription added: Subscription{id=42, clientId=1, type=YEARLY, startDate=2026-05-27, endDate=2027-05-27, state=ACTIVE}
2026-05-27 23:16:16 DEBUG by.bsu.fitness.service.impl.SubscriptionServiceImpl - Subscription 42 created and saved
2026-05-27 23:16:16 DEBUG by.bsu.fitness.service.impl.SubscriptionServiceImpl - SubscriptionServiceImpl created
2026-05-27 23:16:16 DEBUG by.bsu.fitness.util.IdGenerator - Generated new id: 43
2026-05-27 23:16:16 DEBUG by.bsu.fitness.entity.Subscription - Subscription created: Subscription{id=43, clientId=1, type=MONTHLY, startDate=2026-05-27, endDate=2026-06-27, state=ACTIVE}
2026-05-27 23:16:16 DEBUG by.bsu.fitness.factory.SubscriptionFactory - Subscription created: Subscription{id=43, clientId=1, type=MONTHLY, startDate=2026-05-27, endDate=2026-06-27, state=ACTIVE}
2026-05-27 23:16:16 DEBUG by.bsu.fitness.validator.SubscriptionValidator - Subscription 43 validated successfully
2026-05-27 23:16:16 DEBUG by.bsu.fitness.repository.SubscriptionRepository - Subscription added: Subscription{id=43, clientId=1, type=MONTHLY, startDate=2026-05-27, endDate=2026-06-27, state=ACTIVE}
2026-05-27 23:16:16 DEBUG by.bsu.fitness.service.impl.SubscriptionServiceImpl - Subscription 43 created and saved
2026-05-27 23:16:16 DEBUG by.bsu.fitness.repository.SubscriptionRepository - Subscription lookup by id 43 -> Subscription{id=43, clientId=1, type=MONTHLY, startDate=2026-05-27, endDate=2026-06-27, state=ACTIVE}
2026-05-27 23:16:16 DEBUG by.bsu.fitness.entity.Subscription - Changing subscription state from ACTIVE to FROZEN
2026-05-27 23:16:16 DEBUG by.bsu.fitness.service.impl.SubscriptionServiceImpl - Subscription 43 frozen
2026-05-27 23:16:16 DEBUG by.bsu.fitness.repository.SubscriptionRepository - Subscription lookup by id 43 -> Subscription{id=43, clientId=1, type=MONTHLY, startDate=2026-05-27, endDate=2026-06-27, state=FROZEN}
2026-05-27 23:16:16 DEBUG by.bsu.fitness.service.impl.SubscriptionServiceImpl - SubscriptionServiceImpl created
2026-05-27 23:16:16 DEBUG by.bsu.fitness.repository.SubscriptionRepository - Subscription lookup by id 999 -> null
2026-05-27 23:16:16 ERROR by.bsu.fitness.exception.FitnessException - FitnessException created: Subscription not found: 999
2026-05-27 23:16:16 ERROR by.bsu.fitness.exception.ServiceException - ServiceException: Subscription not found: 999
2026-05-27 23:16:16 DEBUG by.bsu.fitness.entity.Subscription - Subscription created: Subscription{id=1, clientId=1, type=YEARLY, startDate=2025-01-01, endDate=2030-01-01, state=ACTIVE}
2026-05-27 23:16:16 DEBUG by.bsu.fitness.repository.SubscriptionRepository - Subscription added: Subscription{id=1, clientId=1, type=YEARLY, startDate=2025-01-01, endDate=2030-01-01, state=ACTIVE}
2026-05-27 23:16:16 DEBUG by.bsu.fitness.service.impl.TrainingServiceImpl - TrainingServiceImpl created
2026-05-27 23:16:16 DEBUG by.bsu.fitness.entity.Training - Training created: Training{id=2, clientId=1, coachName='Coach', type=PERSONAL, dateTime=2026-06-01T10:00, durationMinutes=45, state=PLANNED}
2026-05-27 23:16:16 DEBUG by.bsu.fitness.validator.TrainingValidator - Training 2 validated successfully
2026-05-27 23:16:16 DEBUG by.bsu.fitness.repository.SubscriptionRepository - Subscription lookup by clientId 1 -> Subscription{id=1, clientId=1, type=YEARLY, startDate=2025-01-01, endDate=2030-01-01, state=ACTIVE}
2026-05-27 23:16:16 DEBUG by.bsu.fitness.repository.TrainingRepository - Training added: Training{id=2, clientId=1, coachName='Coach', type=PERSONAL, dateTime=2026-06-01T10:00, durationMinutes=45, state=PLANNED}
2026-05-27 23:16:16 DEBUG by.bsu.fitness.template.RegistrationTemplate - RegistrationTemplate created for training 2
2026-05-27 23:16:16 DEBUG by.bsu.fitness.template.PersonalTrainingRegistration - PersonalTrainingRegistration created for training 2
2026-05-27 23:16:16 DEBUG by.bsu.fitness.template.RegistrationTemplate - Starting registration process for training 2
2026-05-27 23:16:16 DEBUG by.bsu.fitness.template.PersonalTrainingRegistration - Validating personal training 2
2026-05-27 23:16:16 DEBUG by.bsu.fitness.template.PersonalTrainingRegistration - Reserving slot for personal training 2
2026-05-27 23:16:16 DEBUG by.bsu.fitness.template.RegistrationTemplate - Applying strategy for training 2
2026-05-27 23:16:16 DEBUG by.bsu.fitness.strategy.impl.PersonalTrainingStrategy - Executing personal training strategy for training 2
2026-05-27 23:16:16 INFO  by.bsu.fitness.strategy.impl.PersonalTrainingStrategy - Personal training with coach Coach for client 1
2026-05-27 23:16:16 DEBUG by.bsu.fitness.template.RegistrationTemplate - Notifying observers about training 2
2026-05-27 23:16:16 DEBUG by.bsu.fitness.observer.TrainingScheduleObservable - Notifying 0 observers about training 2
2026-05-27 23:16:16 DEBUG by.bsu.fitness.template.RegistrationTemplate - Registration process finished for training 2
2026-05-27 23:16:16 DEBUG by.bsu.fitness.repository.TrainingRepository - Returning all trainings, count=1
2026-05-27 23:16:16 DEBUG by.bsu.fitness.entity.Subscription - Subscription created: Subscription{id=1, clientId=1, type=YEARLY, startDate=2025-01-01, endDate=2030-01-01, state=ACTIVE}
2026-05-27 23:16:16 DEBUG by.bsu.fitness.repository.SubscriptionRepository - Subscription added: Subscription{id=1, clientId=1, type=YEARLY, startDate=2025-01-01, endDate=2030-01-01, state=ACTIVE}
2026-05-27 23:16:16 DEBUG by.bsu.fitness.service.impl.TrainingServiceImpl - TrainingServiceImpl created
2026-05-27 23:16:16 DEBUG by.bsu.fitness.entity.Subscription - Subscription created: Subscription{id=3, clientId=3, type=MONTHLY, startDate=2020-01-01, endDate=2021-01-01, state=ACTIVE}
2026-05-27 23:16:16 DEBUG by.bsu.fitness.repository.SubscriptionRepository - Subscription added: Subscription{id=3, clientId=3, type=MONTHLY, startDate=2020-01-01, endDate=2021-01-01, state=ACTIVE}
2026-05-27 23:16:16 DEBUG by.bsu.fitness.entity.Training - Training created: Training{id=5, clientId=3, coachName='Coach', type=GROUP, dateTime=2026-06-01T10:00, durationMinutes=60, state=PLANNED}
2026-05-27 23:16:16 DEBUG by.bsu.fitness.validator.TrainingValidator - Training 5 validated successfully
2026-05-27 23:16:16 DEBUG by.bsu.fitness.repository.SubscriptionRepository - Subscription lookup by clientId 3 -> Subscription{id=3, clientId=3, type=MONTHLY, startDate=2020-01-01, endDate=2021-01-01, state=ACTIVE}
2026-05-27 23:16:16 DEBUG by.bsu.fitness.entity.Subscription - Changing subscription state from ACTIVE to EXPIRED
2026-05-27 23:16:16 ERROR by.bsu.fitness.exception.FitnessException - FitnessException created: Subscription expired
2026-05-27 23:16:16 ERROR by.bsu.fitness.exception.ServiceException - ServiceException: Subscription expired
2026-05-27 23:16:16 DEBUG by.bsu.fitness.entity.Subscription - Subscription created: Subscription{id=1, clientId=1, type=YEARLY, startDate=2025-01-01, endDate=2030-01-01, state=ACTIVE}
2026-05-27 23:16:16 DEBUG by.bsu.fitness.repository.SubscriptionRepository - Subscription added: Subscription{id=1, clientId=1, type=YEARLY, startDate=2025-01-01, endDate=2030-01-01, state=ACTIVE}
2026-05-27 23:16:16 DEBUG by.bsu.fitness.service.impl.TrainingServiceImpl - TrainingServiceImpl created
2026-05-27 23:16:16 DEBUG by.bsu.fitness.entity.Subscription - Subscription created: Subscription{id=2, clientId=2, type=MONTHLY, startDate=2025-01-01, endDate=2030-01-01, state=FROZEN}
2026-05-27 23:16:16 DEBUG by.bsu.fitness.repository.SubscriptionRepository - Subscription added: Subscription{id=2, clientId=2, type=MONTHLY, startDate=2025-01-01, endDate=2030-01-01, state=FROZEN}
2026-05-27 23:16:16 DEBUG by.bsu.fitness.entity.Training - Training created: Training{id=4, clientId=2, coachName='Coach', type=GROUP, dateTime=2026-06-01T10:00, durationMinutes=60, state=PLANNED}
2026-05-27 23:16:16 DEBUG by.bsu.fitness.validator.TrainingValidator - Training 4 validated successfully
2026-05-27 23:16:16 DEBUG by.bsu.fitness.repository.SubscriptionRepository - Subscription lookup by clientId 2 -> Subscription{id=2, clientId=2, type=MONTHLY, startDate=2025-01-01, endDate=2030-01-01, state=FROZEN}
2026-05-27 23:16:16 ERROR by.bsu.fitness.exception.FitnessException - FitnessException created: Subscription is frozen
2026-05-27 23:16:16 ERROR by.bsu.fitness.exception.ServiceException - ServiceException: Subscription is frozen
2026-05-27 23:16:16 DEBUG by.bsu.fitness.entity.Subscription - Subscription created: Subscription{id=1, clientId=1, type=YEARLY, startDate=2025-01-01, endDate=2030-01-01, state=ACTIVE}
2026-05-27 23:16:16 DEBUG by.bsu.fitness.repository.SubscriptionRepository - Subscription added: Subscription{id=1, clientId=1, type=YEARLY, startDate=2025-01-01, endDate=2030-01-01, state=ACTIVE}
2026-05-27 23:16:16 DEBUG by.bsu.fitness.service.impl.TrainingServiceImpl - TrainingServiceImpl created
2026-05-27 23:16:16 DEBUG by.bsu.fitness.entity.Training - Training created: Training{id=3, clientId=999, coachName='Coach', type=GROUP, dateTime=2026-06-01T10:00, durationMinutes=60, state=PLANNED}
2026-05-27 23:16:16 DEBUG by.bsu.fitness.validator.TrainingValidator - Training 3 validated successfully
2026-05-27 23:16:16 DEBUG by.bsu.fitness.repository.SubscriptionRepository - Subscription lookup by clientId 999 -> null
2026-05-27 23:16:16 ERROR by.bsu.fitness.exception.FitnessException - FitnessException created: No subscription for client 999
2026-05-27 23:16:16 ERROR by.bsu.fitness.exception.ServiceException - ServiceException: No subscription for client 999
2026-05-27 23:16:16 DEBUG by.bsu.fitness.entity.Subscription - Subscription created: Subscription{id=1, clientId=1, type=YEARLY, startDate=2025-01-01, endDate=2030-01-01, state=ACTIVE}
2026-05-27 23:16:16 DEBUG by.bsu.fitness.repository.SubscriptionRepository - Subscription added: Subscription{id=1, clientId=1, type=YEARLY, startDate=2025-01-01, endDate=2030-01-01, state=ACTIVE}
2026-05-27 23:16:16 DEBUG by.bsu.fitness.service.impl.TrainingServiceImpl - TrainingServiceImpl created
2026-05-27 23:16:16 ERROR by.bsu.fitness.validator.TrainingValidator - Training is null
2026-05-27 23:16:16 ERROR by.bsu.fitness.exception.FitnessException - FitnessException created: Training validation failed
2026-05-27 23:16:16 ERROR by.bsu.fitness.exception.ServiceException - ServiceException: Training validation failed
2026-05-27 23:16:16 DEBUG by.bsu.fitness.entity.Subscription - Subscription created: Subscription{id=1, clientId=1, type=YEARLY, startDate=2025-01-01, endDate=2030-01-01, state=ACTIVE}
2026-05-27 23:16:16 DEBUG by.bsu.fitness.repository.SubscriptionRepository - Subscription added: Subscription{id=1, clientId=1, type=YEARLY, startDate=2025-01-01, endDate=2030-01-01, state=ACTIVE}
2026-05-27 23:16:16 DEBUG by.bsu.fitness.service.impl.TrainingServiceImpl - TrainingServiceImpl created
2026-05-27 23:16:16 DEBUG by.bsu.fitness.entity.Training - Training created: Training{id=1, clientId=1, coachName='Coach', type=GROUP, dateTime=2026-06-01T10:00, durationMinutes=60, state=PLANNED}
2026-05-27 23:16:16 DEBUG by.bsu.fitness.validator.TrainingValidator - Training 1 validated successfully
2026-05-27 23:16:16 DEBUG by.bsu.fitness.repository.SubscriptionRepository - Subscription lookup by clientId 1 -> Subscription{id=1, clientId=1, type=YEARLY, startDate=2025-01-01, endDate=2030-01-01, state=ACTIVE}
2026-05-27 23:16:16 DEBUG by.bsu.fitness.repository.TrainingRepository - Training added: Training{id=1, clientId=1, coachName='Coach', type=GROUP, dateTime=2026-06-01T10:00, durationMinutes=60, state=PLANNED}
2026-05-27 23:16:16 DEBUG by.bsu.fitness.template.RegistrationTemplate - RegistrationTemplate created for training 1
2026-05-27 23:16:16 DEBUG by.bsu.fitness.template.GroupTrainingRegistration - GroupTrainingRegistration created for training 1
2026-05-27 23:16:16 DEBUG by.bsu.fitness.template.RegistrationTemplate - Starting registration process for training 1
2026-05-27 23:16:16 DEBUG by.bsu.fitness.template.GroupTrainingRegistration - Validating group training 1
2026-05-27 23:16:16 DEBUG by.bsu.fitness.template.GroupTrainingRegistration - Reserving slot for group training 1
2026-05-27 23:16:16 DEBUG by.bsu.fitness.template.RegistrationTemplate - Applying strategy for training 1
2026-05-27 23:16:16 DEBUG by.bsu.fitness.strategy.impl.GroupTrainingStrategy - Executing group training strategy for training 1
2026-05-27 23:16:16 INFO  by.bsu.fitness.strategy.impl.GroupTrainingStrategy - Group training with coach Coach for client 1
2026-05-27 23:16:16 DEBUG by.bsu.fitness.template.RegistrationTemplate - Notifying observers about training 1
2026-05-27 23:16:16 DEBUG by.bsu.fitness.observer.TrainingScheduleObservable - Notifying 0 observers about training 1
2026-05-27 23:16:16 DEBUG by.bsu.fitness.template.RegistrationTemplate - Registration process finished for training 1
2026-05-27 23:16:16 DEBUG by.bsu.fitness.repository.TrainingRepository - Returning all trainings, count=1
2026-05-27 23:16:16 DEBUG by.bsu.fitness.util.IdGenerator - Generated new id: 44
2026-05-27 23:16:16 DEBUG by.bsu.fitness.util.IdGenerator - Generated new id: 45
2026-05-27 23:16:16 DEBUG by.bsu.fitness.util.IdGenerator - Generated new id: 46
2026-05-27 23:16:16 DEBUG by.bsu.fitness.util.IdGenerator - Generated new id: 47
2026-05-27 23:16:16 DEBUG by.bsu.fitness.util.IdGenerator - Generated new id: 48
2026-05-27 23:16:16 DEBUG by.bsu.fitness.util.IdGenerator - Generated new id: 49
2026-05-27 23:16:16 DEBUG by.bsu.fitness.util.TrainingFileReader - TrainingFileReader created
2026-05-27 23:16:16 DEBUG by.bsu.fitness.util.TrainingFileReader - TrainingFileReader created
2026-05-27 23:16:16 DEBUG by.bsu.fitness.util.TrainingFileReader - Header line skipped: clientId,coach,type,dateTime,duration,state
2026-05-27 23:16:16 DEBUG by.bsu.fitness.util.TrainingFileReader - TrainingFileReader created
2026-05-27 23:16:16 ERROR by.bsu.fitness.validator.DataValidator - Invalid line format: bad
2026-05-27 23:16:16 ERROR by.bsu.fitness.util.TrainingFileReader - Invalid line skipped: bad
2026-05-27 23:16:16 DEBUG by.bsu.fitness.util.TrainingFileReader - TrainingFileReader created
2026-05-27 23:16:16 ERROR by.bsu.fitness.validator.DataValidator - Invalid line format: bad
2026-05-27 23:16:16 ERROR by.bsu.fitness.util.TrainingFileReader - Invalid line skipped: bad
2026-05-27 23:16:16 DEBUG by.bsu.fitness.util.TrainingFileReader - TrainingFileReader created
2026-05-27 23:16:16 DEBUG by.bsu.fitness.validator.DataValidator - Line validated: 1,Coach,GROUP,2026-06-01T10:00,60,PLANNED
2026-05-27 23:16:16 DEBUG by.bsu.fitness.util.IdGenerator - Generated new id: 50
2026-05-27 23:16:16 DEBUG by.bsu.fitness.entity.Training - Training created: Training{id=50, clientId=1, coachName='Coach', type=GROUP, dateTime=2026-06-01T10:00, durationMinutes=60, state=PLANNED}
2026-05-27 23:16:16 DEBUG by.bsu.fitness.factory.TrainingBuilder - Training built: Training{id=50, clientId=1, coachName='Coach', type=GROUP, dateTime=2026-06-01T10:00, durationMinutes=60, state=PLANNED}
2026-05-27 23:16:16 DEBUG by.bsu.fitness.util.TrainingFileReader - Training parsed and added: 50
2026-05-27 23:16:16 DEBUG by.bsu.fitness.validator.DataValidator - Line validated: 2,Coach,PERSONAL,2026-07-01T11:00,45,PLANNED
2026-05-27 23:16:16 DEBUG by.bsu.fitness.util.IdGenerator - Generated new id: 51
2026-05-27 23:16:16 DEBUG by.bsu.fitness.entity.Training - Training created: Training{id=51, clientId=2, coachName='Coach', type=PERSONAL, dateTime=2026-07-01T11:00, durationMinutes=45, state=PLANNED}
2026-05-27 23:16:16 DEBUG by.bsu.fitness.factory.TrainingBuilder - Training built: Training{id=51, clientId=2, coachName='Coach', type=PERSONAL, dateTime=2026-07-01T11:00, durationMinutes=45, state=PLANNED}
2026-05-27 23:16:16 DEBUG by.bsu.fitness.util.TrainingFileReader - Training parsed and added: 51
2026-05-27 23:16:16 DEBUG by.bsu.fitness.util.TrainingFileReader - TrainingFileReader created
2026-05-27 23:16:16 DEBUG by.bsu.fitness.validator.DataValidator - Line validated: 1,Coach,GROUP,2026-06-01T10:00,60,PLANNED
2026-05-27 23:16:16 DEBUG by.bsu.fitness.util.IdGenerator - Generated new id: 52
2026-05-27 23:16:16 DEBUG by.bsu.fitness.entity.Training - Training created: Training{id=52, clientId=1, coachName='Coach', type=GROUP, dateTime=2026-06-01T10:00, durationMinutes=60, state=PLANNED}
2026-05-27 23:16:16 DEBUG by.bsu.fitness.factory.TrainingBuilder - Training built: Training{id=52, clientId=1, coachName='Coach', type=GROUP, dateTime=2026-06-01T10:00, durationMinutes=60, state=PLANNED}
2026-05-27 23:16:16 DEBUG by.bsu.fitness.util.TrainingFileReader - Training parsed and added: 52
2026-05-27 23:16:16 DEBUG by.bsu.fitness.util.TrainingFileReader - TrainingFileReader created
2026-05-27 23:16:16 DEBUG by.bsu.fitness.validator.DataValidator - Line validated: 5,Coach,GROUP,2026-06-01T10:00,60,PLANNED
2026-05-27 23:16:16 DEBUG by.bsu.fitness.util.IdGenerator - Generated new id: 53
2026-05-27 23:16:16 DEBUG by.bsu.fitness.entity.Training - Training created: Training{id=53, clientId=5, coachName='Coach', type=GROUP, dateTime=2026-06-01T10:00, durationMinutes=60, state=PLANNED}
2026-05-27 23:16:16 DEBUG by.bsu.fitness.factory.TrainingBuilder - Training built: Training{id=53, clientId=5, coachName='Coach', type=GROUP, dateTime=2026-06-01T10:00, durationMinutes=60, state=PLANNED}
2026-05-27 23:16:16 DEBUG by.bsu.fitness.util.TrainingFileReader - Training parsed and added: 53
2026-05-27 23:16:16 DEBUG by.bsu.fitness.util.TrainingFileReader - TrainingFileReader created
2026-05-27 23:16:16 DEBUG by.bsu.fitness.validator.DataValidator - Line validated: 1,Иванов,GROUP,2026-06-01T10:00,60,PLANNED
2026-05-27 23:16:16 DEBUG by.bsu.fitness.util.IdGenerator - Generated new id: 54
2026-05-27 23:16:16 DEBUG by.bsu.fitness.entity.Training - Training created: Training{id=54, clientId=1, coachName='Иванов', type=GROUP, dateTime=2026-06-01T10:00, durationMinutes=60, state=PLANNED}
2026-05-27 23:16:16 DEBUG by.bsu.fitness.factory.TrainingBuilder - Training built: Training{id=54, clientId=1, coachName='Иванов', type=GROUP, dateTime=2026-06-01T10:00, durationMinutes=60, state=PLANNED}
2026-05-27 23:16:16 DEBUG by.bsu.fitness.util.TrainingFileReader - Training parsed and added: 54
2026-05-27 23:16:16 DEBUG by.bsu.fitness.entity.Training - Training created: Training{id=1, clientId=1, coachName='Coach', type=GROUP, dateTime=2026-06-01T10:00, durationMinutes=60, state=PLANNED}
2026-05-27 23:16:16 DEBUG by.bsu.fitness.entity.Training - Training created: Training{id=2, clientId=2, coachName='Coach', type=PERSONAL, dateTime=2026-06-01T10:00, durationMinutes=45, state=PLANNED}
2026-05-27 23:16:16 DEBUG by.bsu.fitness.template.RegistrationTemplate - RegistrationTemplate created for training 1
2026-05-27 23:16:16 DEBUG by.bsu.fitness.template.GroupTrainingRegistration - GroupTrainingRegistration created for training 1
2026-05-27 23:16:16 DEBUG by.bsu.fitness.template.RegistrationTemplate - Starting registration process for training 1
2026-05-27 23:16:16 DEBUG by.bsu.fitness.template.GroupTrainingRegistration - Validating group training 1
2026-05-27 23:16:16 DEBUG by.bsu.fitness.template.GroupTrainingRegistration - Reserving slot for group training 1
2026-05-27 23:16:16 DEBUG by.bsu.fitness.template.RegistrationTemplate - Applying strategy for training 1
2026-05-27 23:16:16 DEBUG by.bsu.fitness.strategy.impl.GroupTrainingStrategy - Executing group training strategy for training 1
2026-05-27 23:16:16 INFO  by.bsu.fitness.strategy.impl.GroupTrainingStrategy - Group training with coach Coach for client 1
2026-05-27 23:16:16 DEBUG by.bsu.fitness.template.RegistrationTemplate - Notifying observers about training 1
2026-05-27 23:16:16 DEBUG by.bsu.fitness.template.RegistrationTemplate - Registration process finished for training 1
2026-05-27 23:16:16 DEBUG by.bsu.fitness.entity.Training - Training created: Training{id=1, clientId=1, coachName='Coach', type=GROUP, dateTime=2026-06-01T10:00, durationMinutes=60, state=PLANNED}
2026-05-27 23:16:16 DEBUG by.bsu.fitness.entity.Training - Training created: Training{id=2, clientId=2, coachName='Coach', type=PERSONAL, dateTime=2026-06-01T10:00, durationMinutes=45, state=PLANNED}
2026-05-27 23:16:16 DEBUG by.bsu.fitness.template.RegistrationTemplate - RegistrationTemplate created for training 1
2026-05-27 23:16:16 DEBUG by.bsu.fitness.template.GroupTrainingRegistration - GroupTrainingRegistration created for training 1
2026-05-27 23:16:16 DEBUG by.bsu.fitness.template.RegistrationTemplate - Starting registration process for training 1
2026-05-27 23:16:16 DEBUG by.bsu.fitness.template.GroupTrainingRegistration - Validating group training 1
2026-05-27 23:16:16 DEBUG by.bsu.fitness.template.GroupTrainingRegistration - Reserving slot for group training 1
2026-05-27 23:16:16 DEBUG by.bsu.fitness.template.RegistrationTemplate - Applying strategy for training 1
2026-05-27 23:16:16 DEBUG by.bsu.fitness.strategy.impl.GroupTrainingStrategy - Executing group training strategy for training 1
2026-05-27 23:16:16 INFO  by.bsu.fitness.strategy.impl.GroupTrainingStrategy - Group training with coach Coach for client 1
2026-05-27 23:16:16 DEBUG by.bsu.fitness.template.RegistrationTemplate - Notifying observers about training 1
2026-05-27 23:16:16 DEBUG by.bsu.fitness.template.RegistrationTemplate - Registration process finished for training 1
2026-05-27 23:16:16 DEBUG by.bsu.fitness.entity.Training - Training created: Training{id=1, clientId=1, coachName='Coach', type=GROUP, dateTime=2026-06-01T10:00, durationMinutes=60, state=PLANNED}
2026-05-27 23:16:16 DEBUG by.bsu.fitness.entity.Training - Training created: Training{id=2, clientId=2, coachName='Coach', type=PERSONAL, dateTime=2026-06-01T10:00, durationMinutes=45, state=PLANNED}
2026-05-27 23:16:16 DEBUG by.bsu.fitness.template.RegistrationTemplate - RegistrationTemplate created for training 2
2026-05-27 23:16:16 DEBUG by.bsu.fitness.template.PersonalTrainingRegistration - PersonalTrainingRegistration created for training 2
2026-05-27 23:16:16 DEBUG by.bsu.fitness.template.RegistrationTemplate - Starting registration process for training 2
2026-05-27 23:16:16 DEBUG by.bsu.fitness.template.PersonalTrainingRegistration - Validating personal training 2
2026-05-27 23:16:16 DEBUG by.bsu.fitness.template.PersonalTrainingRegistration - Reserving slot for personal training 2
2026-05-27 23:16:16 DEBUG by.bsu.fitness.template.RegistrationTemplate - Applying strategy for training 2
2026-05-27 23:16:16 DEBUG by.bsu.fitness.strategy.impl.PersonalTrainingStrategy - Executing personal training strategy for training 2
2026-05-27 23:16:16 INFO  by.bsu.fitness.strategy.impl.PersonalTrainingStrategy - Personal training with coach Coach for client 2
2026-05-27 23:16:16 DEBUG by.bsu.fitness.template.RegistrationTemplate - Notifying observers about training 2
2026-05-27 23:16:16 DEBUG by.bsu.fitness.template.RegistrationTemplate - Registration process finished for training 2
2026-05-27 23:16:16 DEBUG by.bsu.fitness.entity.Training - Training created: Training{id=1, clientId=1, coachName='Coach', type=GROUP, dateTime=2026-06-01T10:00, durationMinutes=60, state=PLANNED}
2026-05-27 23:16:16 DEBUG by.bsu.fitness.entity.Training - Training created: Training{id=2, clientId=2, coachName='Coach', type=PERSONAL, dateTime=2026-06-01T10:00, durationMinutes=45, state=PLANNED}
2026-05-27 23:16:16 DEBUG by.bsu.fitness.template.RegistrationTemplate - RegistrationTemplate created for training 2
2026-05-27 23:16:16 DEBUG by.bsu.fitness.template.PersonalTrainingRegistration - PersonalTrainingRegistration created for training 2
2026-05-27 23:16:16 DEBUG by.bsu.fitness.template.RegistrationTemplate - Starting registration process for training 2
2026-05-27 23:16:16 DEBUG by.bsu.fitness.template.PersonalTrainingRegistration - Validating personal training 2
2026-05-27 23:16:16 DEBUG by.bsu.fitness.template.PersonalTrainingRegistration - Reserving slot for personal training 2
2026-05-27 23:16:16 DEBUG by.bsu.fitness.template.RegistrationTemplate - Applying strategy for training 2
2026-05-27 23:16:16 DEBUG by.bsu.fitness.strategy.impl.PersonalTrainingStrategy - Executing personal training strategy for training 2
2026-05-27 23:16:16 INFO  by.bsu.fitness.strategy.impl.PersonalTrainingStrategy - Personal training with coach Coach for client 2
2026-05-27 23:16:16 DEBUG by.bsu.fitness.template.RegistrationTemplate - Notifying observers about training 2
2026-05-27 23:16:16 DEBUG by.bsu.fitness.template.RegistrationTemplate - Registration process finished for training 2
